id,label
01pqvgnpo4kj20uc,011.Rusty_Blackbird
01txr2cjmqt2mac3,124.Le_Conte_Sparrow
01v6lr17lljyjrsb,035.Purple_Finch
01yn4elsxm9vxfrj,078.Gray_Kingbird
0390nt45sljdiv3o,168.Kentucky_Warbler
03m0wf598v4upr9t,092.Nighthawk
04gjm07ey91fw4ic,074.Florida_Jay
04x6l4edzt2srb0q,184.Louisiana_Waterthrush
05hfh9g43e8ytj7a,191.Red_headed_Woodpecker
06l9qcrov5g6rs00,088.Western_Meadowlark
078e1vsyg5n6rgcx,138.Tree_Swallow
07fvjtkaw3tupkh7,089.Hooded_Merganser
07ojk47mton7kbyu,129.Song_Sparrow
09qx77jzhzooaae5,163.Cape_May_Warbler
0a4zq08pju2gkwcs,003.Sooty_Albatross
0arocb5hdkgqyle5,004.Groove_billed_Ani
0awwsavy1sxvnizu,114.Black_throated_Sparrow
0ay5hbb5uwlr9o8v,132.White_crowned_Sparrow
0bfwyzzdx1jby7xl,109.American_Redstart
0dlxcgvx26rrunhc,166.Golden_winged_Warbler
0eh3jem987jmfhii,191.Red_headed_Woodpecker
0gfwjqgk4q9ewjmf,109.American_Redstart
0gg5nx6e84lco1qs,061.Heermann_Gull
0h16eu2uahjnk9m4,018.Spotted_Catbird
0hbvaqcawsftjv9d,100.Brown_Pelican
0i5yx3gojrug2ohy,071.Long_tailed_Jaeger
0ikkebjf3ax4jxv4,123.Henslow_Sparrow
0jmnhjq18tgg11c2,134.Cape_Glossy_Starling
0johcsqnitaxondf,031.Black_billed_Cuckoo
0kcvm034qwwbjdvj,090.Red_breasted_Merganser
0ksie1n5njj9f8ob,082.Ringed_Kingfisher
0ky8nb16o4w3zugi,153.Philadelphia_Vireo
0lrcdjt4i6ir6xka,176.Prairie_Warbler
0nudfp6xuaaot2h3,145.Elegant_Tern
0osnvwoap71kuu33,174.Palm_Warbler
0p3semshud3h7yow,170.Mourning_Warbler
0p5q67fijc1wo8xx,192.Downy_Woodpecker
0psapq1uldaikdwo,019.Gray_Catbird
0q8wgng41syb8rzo,166.Golden_winged_Warbler
0r5u79eo40rw0rqs,044.Frigatebird
0s1ukb81hmkhu0b5,146.Forsters_Tern
0tc97h7sxxtwtykc,124.Le_Conte_Sparrow
0ty4mh608v53vct2,085.Horned_Lark
0u2m69i0a8e2tps0,070.Green_Violetear
0uvu6pgf9rx25bdk,012.Yellow_headed_Blackbird
0v4u30od1t881ll6,176.Prairie_Warbler
0wcnevdosi46s71x,156.White_eyed_Vireo
0wqdyavzpd746mtx,155.Warbling_Vireo
0x4ko35gkadgq0b3,113.Baird_Sparrow
0zruav44urz3tv6k,082.Ringed_Kingfisher
0zvhkq0pcx767nso,193.Bewick_Wren
0zy91syjnufy5sgd,029.American_Crow
100f08pktp6t738s,118.House_Sparrow
10kfk7devw6ukk4h,123.Henslow_Sparrow
11ow9990yem50l8r,075.Green_Jay
12vnvilccqfz89od,176.Prairie_Warbler
135volqoif5urn86,094.White_breasted_Nuthatch
140csenrndln8uxu,095.Baltimore_Oriole
14c69yqw8l5uqpf1,012.Yellow_headed_Blackbird
14wrlp0tkn6mvete,179.Tennessee_Warbler
14xneojeje8083bx,178.Swainson_Warbler
15816md2ipvgwk6w,012.Yellow_headed_Blackbird
158u67wxuuxxhgq3,167.Hooded_Warbler
15lanhvl25z71nl8,002.Laysan_Albatross
15oee6dowfakfz81,129.Song_Sparrow
18k8cwnx4mvlw1yo,092.Nighthawk
19fr9pu293pq8igc,072.Pomarine_Jaeger
1aef2temrc5koson,142.Black_Tern
1apm0xyn7s71cwq2,165.Chestnut_sided_Warbler
1bp0ywdptytkhppi,156.White_eyed_Vireo
1brbn6f8t8qxt1ct,139.Scarlet_Tanager
1bsz6dt0u7y74g05,138.Tree_Swallow
1cctg0343ci64duv,080.Green_Kingfisher
1clta5anlycbuxxh,149.Brown_Thrasher
1coo7ikl2nia0pl4,019.Gray_Catbird
1cvfqy8qvlqhyk6a,012.Yellow_headed_Blackbird
1dw6k13p22et2inw,093.Clark_Nutcracker
1eat51s1u64gh2fk,143.Caspian_Tern
1ef4yyfi3i3atill,048.European_Goldfinch
1eotc9tknbfcau6l,150.Sage_Thrasher
1fdfgspdjqo9mnuk,044.Frigatebird
1fmxmo6dlgc6y6du,155.Warbling_Vireo
1gkwpp2sjx96aznc,170.Mourning_Warbler
1hkml23xjf8x87tl,061.Heermann_Gull
1hknlkyf2sii7790,106.Horned_Puffin
1hm5z0iwgj2skv5i,180.Wilson_Warbler
1ic6bdgoczb52tbh,184.Louisiana_Waterthrush
1if2j0v3pdxntf9p,198.Rock_Wren
1ij5ovnxeweuqbmw,011.Rusty_Blackbird
1iq54tsp6z80jv5d,047.American_Goldfinch
1ir473tvdjutvhrs,154.Red_eyed_Vireo
1is6verpfsv6g7wp,111.Loggerhead_Shrike
1jmwwe5hrm764hze,188.Pileated_Woodpecker
1jnuz8c8duawogqo,083.White_breasted_Kingfisher
1l9mi7eaw1o784hq,160.Black_throated_Blue_Warbler
1llayfbx9tvbjbqn,049.Boat_tailed_Grackle
1lmx3csgly32h97l,088.Western_Meadowlark
1lo8n6n39qsyavs7,190.Red_cockaded_Woodpecker
1mdrwa10k042cus3,051.Horned_Grebe
1miwk1knu029ipvx,108.White_necked_Raven
1n99564ubzhucszd,171.Myrtle_Warbler
1nv3oyaurz2q1mpj,051.Horned_Grebe
1nynhwuqup6qnfgl,053.Western_Grebe
1p1m8r2a77ws3pni,195.Carolina_Wren
1p8twng6m8n15dpi,154.Red_eyed_Vireo
1pfdl95b5ye0oik0,149.Brown_Thrasher
1q2xk8sb6b2awrrq,072.Pomarine_Jaeger
1r4a8ds0qntlwm6u,048.European_Goldfinch
1rd5rvyejcmvt83k,069.Rufous_Hummingbird
1rdvs9816i11c6tu,092.Nighthawk
1rvaxj1xzm5292va,067.Anna_Hummingbird
1rwlcbqbkodha7mr,033.Yellow_billed_Cuckoo
1ss8mlalc2p2twdf,141.Artic_Tern
1tyh089qigix6h8b,196.House_Wren
1umzxskm4x3aqotv,115.Brewer_Sparrow
1ur1gklgt0hdj390,078.Gray_Kingbird
1urbpaq8esiqww37,047.American_Goldfinch
1v2ks8ho52p2olke,098.Scott_Oriole
1v7eroauxh4hor0m,094.White_breasted_Nuthatch
1xbtm46tx4bhxapi,080.Green_Kingfisher
1xcyubh68ztgre9j,157.Yellow_throated_Vireo
1xq9rg9n3ntbwjll,173.Orange_crowned_Warbler
1y6n7l96tf8kc7m8,198.Rock_Wren
1yec2i8n50tcuero,162.Canada_Warbler
1zx72vv9xncint2x,174.Palm_Warbler
202av7li8cxuqdzh,073.Blue_Jay
203xd18e33fo8on1,009.Brewer_Blackbird
2055sezbbbhzz9yz,190.Red_cockaded_Woodpecker
20bkkzh7867iixqn,066.Western_Gull
21brqk40qc6omdh2,197.Marsh_Wren
21ca8x7jmnr8elon,123.Henslow_Sparrow
22dfo0bjtspl6ibo,008.Rhinoceros_Auklet
22hyptgw3es62b1p,013.Bobolink
22k3s0wvvgktb0ti,072.Pomarine_Jaeger
22me5swet55iv0k9,019.Gray_Catbird
22rv19jky86p77fw,101.White_Pelican
237oxibd2pzqlveb,180.Wilson_Warbler
23khxyhtd4gire2j,003.Sooty_Albatross
24cus8kvlxcphv3j,094.White_breasted_Nuthatch
24eu3k89muputnou,090.Red_breasted_Merganser
24mdzkpicp1t1swp,008.Rhinoceros_Auklet
25dvqef5grfi8mio,134.Cape_Glossy_Starling
28xrr7jbt38ebwg8,135.Bank_Swallow
29w2iaekoujgq3t1,156.White_eyed_Vireo
2a1oebneizgkkxt9,111.Loggerhead_Shrike
2aajfby182gtky7c,134.Cape_Glossy_Starling
2ae0e7utox523aec,199.Winter_Wren
2am8lye1r0jx40dh,003.Sooty_Albatross
2angbehe3pog44rt,009.Brewer_Blackbird
2bfr56idnbxknitc,142.Black_Tern
2clr3jot2r0nes5u,070.Green_Violetear
2d7f9g04y1wbvcap,129.Song_Sparrow
2ddrv8wr70tfbm98,116.Chipping_Sparrow
2dmdrr42o13feygp,143.Caspian_Tern
2dsxyqft5dnss1k6,036.Northern_Flicker
2f6dn2aew30rk3hs,165.Chestnut_sided_Warbler
2fgs9qfca4dc8xa7,127.Savannah_Sparrow
2gia93pboh87ibrq,131.Vesper_Sparrow
2gym1arex4i6yas7,034.Gray_crowned_Rosy_Finch
2iq7xw1cwl1dswap,005.Crested_Auklet
2iv1rnrm086s4phq,024.Red_faced_Cormorant
2ixos6fv4ubidkyl,021.Eastern_Towhee
2jag5b2yz6qp9jc9,126.Nelson_Sharp_tailed_Sparrow
2jkip3h2gn60z8e1,015.Lazuli_Bunting
2kc3on3nrws4bx3v,139.Scarlet_Tanager
2l9h2q6bqd0kb5xd,002.Laysan_Albatross
2ld5dj7rzlqbgnu1,072.Pomarine_Jaeger
2lhq711zktddh3qp,187.American_Three_toed_Woodpecker
2lvcq86vq7lepbdn,113.Baird_Sparrow
2m0u26gy4hix5yd9,065.Slaty_backed_Gull
2mld14cwrrxnicxp,040.Olive_sided_Flycatcher
2mnbfs4fftg8y2sa,086.Pacific_Loon
2myu55oodwch2a8k,149.Brown_Thrasher
2n92xl5ih0grhd5x,160.Black_throated_Blue_Warbler
2nrzhe7b0yww960g,109.American_Redstart
2nx29aejql5p88h1,118.House_Sparrow
2psx24lxb34b456r,163.Cape_May_Warbler
2qn18sv8qxfn5gmu,092.Nighthawk
2trb7u42ah71yx2s,042.Vermilion_Flycatcher
2u8vu4d37rrdnm0b,176.Prairie_Warbler
2uznngzgl6us05sy,198.Rock_Wren
2vgeqnwpbbobxbjh,061.Heermann_Gull
2vov3nl7ox917sc5,177.Prothonotary_Warbler
2w156bm73c4rkr7t,168.Kentucky_Warbler
2wlh9vtudgcqlkca,192.Downy_Woodpecker
2x4rqw99bncocmym,150.Sage_Thrasher
2x6tub7g1urj3v1w,136.Barn_Swallow
2xcjl73kjaqdw7s8,169.Magnolia_Warbler
2xun1274altju5ec,105.Whip_poor_Will
2xxn5rhz2p20j9k3,088.Western_Meadowlark
2zmvm709hzzb766k,128.Seaside_Sparrow
30e2a1digd1a6byx,160.Black_throated_Blue_Warbler
30evnsptodfjc056,104.American_Pipit
30kwougdwfrgh19n,140.Summer_Tanager
30v88pibj39ac8kv,153.Philadelphia_Vireo
31l8znjg95ei3rul,154.Red_eyed_Vireo
321sg6t8ew92dqlo,152.Blue_headed_Vireo
323qje90ut61fvp0,121.Grasshopper_Sparrow
34nvhptygwnpuxz8,184.Louisiana_Waterthrush
34ve2l5hzahj6008,196.House_Wren
34ya9nynwj7ed5oa,008.Rhinoceros_Auklet
35kdv9n6qkbp20yc,185.Bohemian_Waxwing
35qj0nsquzxkxwjt,132.White_crowned_Sparrow
364j1xz6qzgwguwc,116.Chipping_Sparrow
36mbq4i7c9bf59ta,024.Red_faced_Cormorant
38ok0z3qo15i9t4c,084.Red_legged_Kittiwake
39d1yr8rth4qmv8k,146.Forsters_Tern
3a0oxgjs61wuf4hf,034.Gray_crowned_Rosy_Finch
3aa8n0yqrzt8e2tz,113.Baird_Sparrow
3aaka3ln5bqsrs6o,192.Downy_Woodpecker
3aeolc00ztats2nu,014.Indigo_Bunting
3ap5ixfely7bt872,009.Brewer_Blackbird
3b0wnoz0u2vpoubh,024.Red_faced_Cormorant
3c8fhpbax7ifv9vd,183.Northern_Waterthrush
3cpi0y0e8wzbscur,013.Bobolink
3cxcfqw4hrfbt2hn,052.Pied_billed_Grebe
3eo2ivfdxda6tua6,198.Rock_Wren
3erlovz5p1d9k682,106.Horned_Puffin
3f2umb06b1mvh6kv,178.Swainson_Warbler
3fk102pyejl54tp0,066.Western_Gull
3gut194ctwni1moc,117.Clay_colored_Sparrow
3gxmu01paug24qud,135.Bank_Swallow
3hxd6k6oiedqtiym,133.White_throated_Sparrow
3j942kmrepomkk48,116.Chipping_Sparrow
3jezdqap6jqpvn95,125.Lincoln_Sparrow
3jnrb565kqufgrwg,053.Western_Grebe
3jzkskpswdc0h7s9,105.Whip_poor_Will
3k9upta3ia316w4m,020.Yellow_breasted_Chat
3kf6o9mqqh7ifapr,086.Pacific_Loon
3m0h4ids52sf2w6q,183.Northern_Waterthrush
3nomuk5vpdptofrv,045.Northern_Fulmar
3o1kja0v3qkmj4xp,117.Clay_colored_Sparrow
3pf3d9aydnxjmofz,082.Ringed_Kingfisher
3qazd8ggfexi4cq1,061.Heermann_Gull
3qdwosvatqm9mhog,058.Pigeon_Guillemot
3ql611nwh4fgc2pt,170.Mourning_Warbler
3rp6hw2exev3x4he,014.Indigo_Bunting
3t577685mx5iuvfd,193.Bewick_Wren
3tloq4utskz2jy7g,020.Yellow_breasted_Chat
3ulfpfh6hlkfy2sp,154.Red_eyed_Vireo
3vetoth0dtmitvpg,086.Pacific_Loon
3vkbgcxrtlgz1xvj,060.Glaucous_winged_Gull
3vwfx1q22s69erpp,175.Pine_Warbler
3xhqqa20au2clhqf,037.Acadian_Flycatcher
3xyul3l1otqpy6s8,076.Dark_eyed_Junco
3yfxi7am4b7p9o92,014.Indigo_Bunting
3ymyzbg7j04md9ic,155.Warbling_Vireo
403vhy4ogib6qe4u,049.Boat_tailed_Grackle
40jnn4se8digag2x,168.Kentucky_Warbler
40oiai2mrm1hyt9l,019.Gray_Catbird
40t2cdem0qz01ye5,066.Western_Gull
41kt4ihwgnlgqv60,128.Seaside_Sparrow
41zy45kyyh002y6x,030.Fish_Crow
421yfbjqsx3qf97u,174.Palm_Warbler
42axjzlg51vfpkj6,098.Scott_Oriole
42fps9l5x4y0v6si,068.Ruby_throated_Hummingbird
42hkpdoplo8fxcf0,183.Northern_Waterthrush
42su46l0grbdfakh,091.Mockingbird
44b2fpwmyfces4g6,185.Bohemian_Waxwing
453wbztphvofsb54,048.European_Goldfinch
45ne3xwy09w0maww,200.Common_Yellowthroat
46wq1u4hnq4fdl0o,036.Northern_Flicker
47zvzo8p86yzklt5,055.Evening_Grosbeak
483vlruwrjnhixuk,035.Purple_Finch
48n7zilpswx4zdeu,125.Lincoln_Sparrow
49d2c11lmcq18xq9,052.Pied_billed_Grebe
49h6dxtqgorqds0v,114.Black_throated_Sparrow
4a2tkpzdxxrcht53,069.Rufous_Hummingbird
4bc66404dylwxh8h,175.Pine_Warbler
4dy78g5wcbjvowje,177.Prothonotary_Warbler
4f17ab2pgpq5xesb,105.Whip_poor_Will
4g9ahhm7nec7p4g3,075.Green_Jay
4gk3ylhci5iyhtq5,128.Seaside_Sparrow
4ixlgpmj1wh08lpr,101.White_Pelican
4jmmkc44z95jdym5,166.Golden_winged_Warbler
4jxd6kho2vke0llg,124.Le_Conte_Sparrow
4lkhzgisllh644tl,197.Marsh_Wren
4m5svwknajnxfvfv,030.Fish_Crow
4mccrjnikovzywa0,050.Eared_Grebe
4n2drrhqynrr8t8n,056.Pine_Grosbeak
4nqtwnj1ewqy01vt,005.Crested_Auklet
4nvm460dgml8xlsk,158.Bay_breasted_Warbler
4ods3onsi3i7cxfg,027.Shiny_Cowbird
4ogs2clj7jazvqj3,116.Chipping_Sparrow
4pelk865v40dglte,003.Sooty_Albatross
4q65xy3qqzaiki4d,061.Heermann_Gull
4qhyvbd8b22p50os,059.California_Gull
4r4k81ft0arlb78y,055.Evening_Grosbeak
4r710999k94yr783,064.Ring_billed_Gull
4scumn3j2k5i5yog,005.Crested_Auklet
4shiq3m2k8ke93pb,066.Western_Gull
4szgvuhmwiv15x55,197.Marsh_Wren
4tcy7wfizxvh1x82,053.Western_Grebe
4u5zfqa082emc2ek,028.Brown_Creeper
4ure68gt37k3lgyc,074.Florida_Jay
4vcljo32vo27c4jr,038.Great_Crested_Flycatcher
4veb06bd5roj0ova,085.Horned_Lark
4vt8710xbyeajqd7,134.Cape_Glossy_Starling
4w4zvpmhhuc95fnm,066.Western_Gull
4w6yqeil5m3sjbk1,087.Mallard
4wlumn6h8wsw3l4j,141.Artic_Tern
4wu5fssku63dmn8z,151.Black_capped_Vireo
4xqodq885k7quth6,077.Tropical_Kingbird
4yoygt8tecb81a00,091.Mockingbird
4ythih2htykh8jh5,191.Red_headed_Woodpecker
4yup1m35enbis3n2,193.Bewick_Wren
5027tbsn7vgg4cb9,108.White_necked_Raven
51fzjd2fda3pe97y,193.Bewick_Wren
53mgatrcs8mn18sn,073.Blue_Jay
540lso18t07ig0pl,113.Baird_Sparrow
544rav7nr0vkp2vw,012.Yellow_headed_Blackbird
54i96e6voru9j6en,025.Pelagic_Cormorant
54x5i86jhfkammod,134.Cape_Glossy_Starling
5554ijqa7vunaljg,038.Great_Crested_Flycatcher
564qgsymvcq7nfn0,010.Red_winged_Blackbird
56is13vfsud4680p,032.Mangrove_Cuckoo
57p7yl2iz1oqcdaf,074.Florida_Jay
58k4zvg0pfzdzczw,153.Philadelphia_Vireo
5a06gq3a3hqdbtnl,094.White_breasted_Nuthatch
5ank0ael886qzgvz,122.Harris_Sparrow
5coi8116opsq5pxr,032.Mangrove_Cuckoo
5digi60aicwyo994,103.Sayornis
5doljpm0fq4ktgyl,059.California_Gull
5ds3oyn155ppy93g,172.Nashville_Warbler
5e76q82imimd3mce,005.Crested_Auklet
5e9a9nbtlcwmm0gv,070.Green_Violetear
5ealpbo82djmmu96,136.Barn_Swallow
5etu8yzf9v80qsrk,076.Dark_eyed_Junco
5fma25uex18nlzsj,102.Western_Wood_Pewee
5g89ud7a65chtk46,041.Scissor_tailed_Flycatcher
5h1epgya2578lvq4,036.Northern_Flicker
5hm4x7ww9hidjqeo,132.White_crowned_Sparrow
5hstbxaw3al0e3nz,200.Common_Yellowthroat
5htegmp4nnfolcx5,085.Horned_Lark
5i0htc0sh8sfwj8f,089.Hooded_Merganser
5jww8z53ihrt19ev,046.Gadwall
5kt6x7cyptnr5u32,185.Bohemian_Waxwing
5l8j4lnx7hg53j0j,081.Pied_Kingfisher
5ldum0nbzm8nphev,114.Black_throated_Sparrow
5m63puhugevcvc4k,004.Groove_billed_Ani
5mdf195mm7k75iue,172.Nashville_Warbler
5mmnjgxlfc20tz9l,183.Northern_Waterthrush
5n3e1lzehhiy8lnd,016.Painted_Bunting
5p5q863vjw7yifko,143.Caspian_Tern
5q8mfbs5frvdahwf,068.Ruby_throated_Hummingbird
5qh5o0np3e2gzi8p,181.Worm_eating_Warbler
5qugljjft1bukbwx,011.Rusty_Blackbird
5qztfsmvpdykccw7,075.Green_Jay
5qzz3lynpar6qto4,057.Rose_breasted_Grosbeak
5u4h1bpwps6i2aze,064.Ring_billed_Gull
5u4my6fbifb6zbhm,118.House_Sparrow
5urksa1j1i0so7hf,132.White_crowned_Sparrow
5w18tvwdccmddsdz,087.Mallard
5w7a8rlgdiw1r5mf,057.Rose_breasted_Grosbeak
5wba8gk5u81r35f1,135.Bank_Swallow
5wfnlazlselhc1m8,090.Red_breasted_Merganser
5wulm1jieq90ixb6,175.Pine_Warbler
5x9p4wob9kvxexut,141.Artic_Tern
5y5aicgg01aky1lf,054.Blue_Grosbeak
5y8q2eag716fe2e1,096.Hooded_Oriole
5yc87upi894pteil,077.Tropical_Kingbird
5yybudjy68qfdx7k,101.White_Pelican
5z4iwfmrmzmyxe0z,095.Baltimore_Oriole
5z7laoct0dxj3wow,158.Bay_breasted_Warbler
5zjtsa5fnu4anl8s,167.Hooded_Warbler
5zt4lge0kh222fzg,142.Black_Tern
6134spreix2rm471,044.Frigatebird
617gv4ztyehfo41u,108.White_necked_Raven
619rbii6hdyb123i,048.European_Goldfinch
61dp5ylkpzx1b04t,064.Ring_billed_Gull
6252dj3mgpn83gx9,132.White_crowned_Sparrow
629gmzcjfkcnegih,189.Red_bellied_Woodpecker
62ahz7n99jxv2u5u,172.Nashville_Warbler
62goq5mitgz88xd1,071.Long_tailed_Jaeger
62rdk2kbe1z7t7v6,016.Painted_Bunting
62t2jxpp5smyd085,071.Long_tailed_Jaeger
63gsbej717mbw78y,167.Hooded_Warbler
63kavyl80822ou26,145.Elegant_Tern
63zb02drpmsc7ec9,115.Brewer_Sparrow
64c37ptzcbpfp13m,010.Red_winged_Blackbird
652nzusp2wrozdjv,026.Bronzed_Cowbird
65qy45g8h5dabbhd,028.Brown_Creeper
663dx8z9z87sjjzf,107.Common_Raven
66clyeyl8f7i2olm,144.Common_Tern
67g95psm6d0yi2aq,027.Shiny_Cowbird
699t6m2msisgpdc8,093.Clark_Nutcracker
6b5dtmx2tqg0mb7u,192.Downy_Woodpecker
6c4xoalf78rcr06x,184.Louisiana_Waterthrush
6d76hljjfl44k5rl,145.Elegant_Tern
6dc4toi0z1p1fjkx,109.American_Redstart
6dmfzuq1b9jqozdk,164.Cerulean_Warbler
6exywdcu0491e59x,182.Yellow_Warbler
6f1fkb0fazcf29ou,160.Black_throated_Blue_Warbler
6fv3fgkrzng1vtmm,084.Red_legged_Kittiwake
6gjfaoa6nr83ny2c,069.Rufous_Hummingbird
6gtlrqwq9lia5rlx,171.Myrtle_Warbler
6hcbj26oavu69l3j,042.Vermilion_Flycatcher
6i6lgi2npe97jpb4,186.Cedar_Waxwing
6ih9tdtzehngylzf,056.Pine_Grosbeak
6j9e46fnl6wrzd5h,031.Black_billed_Cuckoo
6jjo8ivmkaxc79sn,031.Black_billed_Cuckoo
6jwnjov76ys8d6kd,190.Red_cockaded_Woodpecker
6k00qtz9n2fdt0xo,032.Mangrove_Cuckoo
6k1gqdq8y0dua6h8,029.American_Crow
6kit5brvjd4jy5f0,139.Scarlet_Tanager
6lf270i51tizl57l,182.Yellow_Warbler
6mmou4rifc99bdej,058.Pigeon_Guillemot
6o52ue65lnvarjqd,049.Boat_tailed_Grackle
6ow1g3lcx8ajr9a3,099.Ovenbird
6p51p85dqf5nlsar,090.Red_breasted_Merganser
6p63q707j42etkq3,056.Pine_Grosbeak
6qvjm1kuow56xkc6,068.Ruby_throated_Hummingbird
6ry74fl4ke2z60xc,097.Orchard_Oriole
6rzrxmqp3fpqy3rs,140.Summer_Tanager
6tbjr2meh2a8td7j,072.Pomarine_Jaeger
6tr6jwma2rwsm6f6,139.Scarlet_Tanager
6ug68wsh3hjyza14,099.Ovenbird
6vl3e8xyyn00eo08,016.Painted_Bunting
6vm0twg35dyumypt,017.Cardinal
6vu29501kn7w1i24,027.Shiny_Cowbird
6w8h4kfjg1c8qtc9,103.Sayornis
6wghfpmsiabm7z8k,172.Nashville_Warbler
6xbp6njofynfwnz8,200.Common_Yellowthroat
6xr3hg1o18p199r0,019.Gray_Catbird
6zhddh5oczre8mpt,040.Olive_sided_Flycatcher
7008tdhx1q54o6in,136.Barn_Swallow
701uxxhio1aitqkr,130.Tree_Sparrow
70cp4hrwyhpmeq8w,118.House_Sparrow
70hl0kla2o5cmpb0,039.Least_Flycatcher
70ifkpzrsonxs85h,002.Laysan_Albatross
71hfh6edib4kwuqh,103.Sayornis
7212wr55q6y16ctp,031.Black_billed_Cuckoo
73bz4iy0z6ss1kze,158.Bay_breasted_Warbler
74tjxd46idyd7p4g,101.White_Pelican
75apjql6j21omwmh,017.Cardinal
75mhkvh171x9g5td,021.Eastern_Towhee
762xqa8b79q2arpv,190.Red_cockaded_Woodpecker
7672yn19722w5nom,050.Eared_Grebe
76y1jh4cawoujvlj,153.Philadelphia_Vireo
7711wx6bnem44v8x,006.Least_Auklet
77hw11warxglhifn,180.Wilson_Warbler
77kdx272sxbre2gh,185.Bohemian_Waxwing
77r1us52x1aehzp1,119.Field_Sparrow
79ak2896ljss5ok3,167.Hooded_Warbler
7bi09tqr7orwjsto,116.Chipping_Sparrow
7dfw6j7jikg68nm4,044.Frigatebird
7di3fbyergt55s4h,016.Painted_Bunting
7dl0n3l6u0cbsiuf,194.Cactus_Wren
7dxe0uh7h7aosex0,025.Pelagic_Cormorant
7echg5i7s0f3gc1y,181.Worm_eating_Warbler
7ffvdg7p4i0g2mzv,004.Groove_billed_Ani
7gbbly5koulpgg1a,049.Boat_tailed_Grackle
7gxb5y8wjamokw8k,171.Myrtle_Warbler
7h8d7jnn7idvn2yn,137.Cliff_Swallow
7he1uyrhudc5ysmi,076.Dark_eyed_Junco
7inmuwayhtn8fep3,011.Rusty_Blackbird
7jtrt28aajurifdq,063.Ivory_Gull
7k54lu1v6ty6cbl6,191.Red_headed_Woodpecker
7l6l28rhka3icc5i,096.Hooded_Oriole
7lujwbbwxrdrzznk,163.Cape_May_Warbler
7lvldutwh866ptx9,082.Ringed_Kingfisher
7m5es54v07emm7ee,050.Eared_Grebe
7m84a0sjnh79wsv7,010.Red_winged_Blackbird
7oc1dmcjjpmdusx5,136.Barn_Swallow
7pyabkufd57rvddn,030.Fish_Crow
7qk0tsl6pttul86i,096.Hooded_Oriole
7qoap5fvurk39elb,131.Vesper_Sparrow
7tqp466c1tlisfjn,186.Cedar_Waxwing
7u7b58wtd95ok3cv,074.Florida_Jay
7u8ybacj0v3a74o5,148.Green_tailed_Towhee
7uinchhp9f0k2aaq,187.American_Three_toed_Woodpecker
7uyw0eg71lp0ehz9,113.Baird_Sparrow
7v1k5va24cy6gxwt,077.Tropical_Kingbird
7v87dhcfid4m5kkr,165.Chestnut_sided_Warbler
7wn70gzyw1z90w6r,024.Red_faced_Cormorant
7xedruey0rtor6pw,117.Clay_colored_Sparrow
7xn5sjbp9b5ngqq3,090.Red_breasted_Merganser
7xt85k7xz8580762,158.Bay_breasted_Warbler
7yzi1a6ny0zfwsba,048.European_Goldfinch
7z38hwj5r2jyv1bb,167.Hooded_Warbler
807bpek2oq3ig3a3,066.Western_Gull
81l10zhi885zxc99,032.Mangrove_Cuckoo
82wjzimct9x3jbqe,148.Green_tailed_Towhee
837vaiixwgxdfeml,038.Great_Crested_Flycatcher
83a07trcwo29zkpc,034.Gray_crowned_Rosy_Finch
83npnrvv23a9zupx,053.Western_Grebe
83p5qzc4di0qfb21,148.Green_tailed_Towhee
84d29wl5q8jg1tqd,140.Summer_Tanager
84xvfz34ijuzeqy8,089.Hooded_Merganser
84yrdzpq5b5bf849,070.Green_Violetear
861awhfbol18khi9,145.Elegant_Tern
86d7d2y2wcna37yq,033.Yellow_billed_Cuckoo
86j2ehxq975j767f,173.Orange_crowned_Warbler
87qe9jg61iycxk8s,102.Western_Wood_Pewee
882w0expbhqicxu0,063.Ivory_Gull
885twm9ynilb56zg,122.Harris_Sparrow
894hce6b8wkyn38o,144.Common_Tern
89sv4bjw9i7u10c1,141.Artic_Tern
89wnb8ch5cgp801k,035.Purple_Finch
8afl45cyl99xhjsu,030.Fish_Crow
8b7urb617jpb8g03,089.Hooded_Merganser
8ct8r35n4bbwfifz,180.Wilson_Warbler
8d960v7d1o50wnl2,139.Scarlet_Tanager
8d9ej7h74803jmip,171.Myrtle_Warbler
8dhm518p9ad82nju,080.Green_Kingfisher
8dhx5iaczhaoe4wm,086.Pacific_Loon
8ef70q2p49guboup,131.Vesper_Sparrow
8ewu2yf80j9pldts,009.Brewer_Blackbird
8f34l98fdynwhl8i,090.Red_breasted_Merganser
8f4a075qrlp3ijqk,028.Brown_Creeper
8fgwtzap3n6tf5jq,195.Carolina_Wren
8fnvu1vl8el4b60g,072.Pomarine_Jaeger
8grdot9c3cb5hhy3,195.Carolina_Wren
8grrex2qsb0yhobx,089.Hooded_Merganser
8gw3covbj4b1c26f,043.Yellow_bellied_Flycatcher
8h66j2fdhbfdruxs,170.Mourning_Warbler
8isnsvp13djvpy99,102.Western_Wood_Pewee
8jdmattmz4t6hce9,164.Cerulean_Warbler
8jsc1yeqv1q9wxet,009.Brewer_Blackbird
8l4uovkeh64xg9zq,077.Tropical_Kingbird
8lcpnmf40gtvkli1,055.Evening_Grosbeak
8mzzyrvk5vasppqd,114.Black_throated_Sparrow
8ng8tmzkjzcpa4lg,039.Least_Flycatcher
8pzxwirl2nypphub,175.Pine_Warbler
8q5ffd3qoyzk7dxa,010.Red_winged_Blackbird
8qh038hs8p4tgyju,193.Bewick_Wren
8qyae896dpfuwbgg,061.Heermann_Gull
8rbv4hwb4f3eu3aa,013.Bobolink
8rjitc85ogaif7bs,080.Green_Kingfisher
8rrbmftd1v1ir59p,119.Field_Sparrow
8t6ymijisegnsgsc,146.Forsters_Tern
8t8fh0junuum9a8d,104.American_Pipit
8tkp7gi8i2o80kfd,011.Rusty_Blackbird
8ud0pd4xtjn2s36j,144.Common_Tern
8uu90wrnx8om7x3r,132.White_crowned_Sparrow
8v5jii6g5ht7dqol,003.Sooty_Albatross
8vgz96v88s38uryr,182.Yellow_Warbler
8vpnctl3jk6zf8ky,018.Spotted_Catbird
8wnltawz16to8scr,026.Bronzed_Cowbird
8y49fyw0k8ne3dzq,047.American_Goldfinch
8ztwmffdccak16u2,011.Rusty_Blackbird
91wkpngf438j7vja,100.Brown_Pelican
926kx7iowr4ff7cx,060.Glaucous_winged_Gull
92emmg60lx2cgafk,042.Vermilion_Flycatcher
92iqr33o9q3docgz,150.Sage_Thrasher
94kzfisz3iaw03wx,105.Whip_poor_Will
958aw6uwjgw7mkw6,124.Le_Conte_Sparrow
959xue27egd6r0zx,041.Scissor_tailed_Flycatcher
95hewyq0t2klb8g7,020.Yellow_breasted_Chat
968q6q683705k3f1,200.Common_Yellowthroat
96zr04a5t40jgb43,179.Tennessee_Warbler
974nz3h4n0emzq2t,023.Brandt_Cormorant
97e08g7z3zy6y963,166.Golden_winged_Warbler
97yvbansd1st9vnj,066.Western_Gull
98mwqdq8bdce4d5z,084.Red_legged_Kittiwake
9b6ihwqa3djkkrys,130.Tree_Sparrow
9bx9welcq52pordx,162.Canada_Warbler
9cmhvy59ufxbyt8i,030.Fish_Crow
9d1j9u9a7wkrv6jq,071.Long_tailed_Jaeger
9gnwnvukgwlu3ofe,028.Brown_Creeper
9hajpaerm03je6w4,194.Cactus_Wren
9ham9u6piaobau2e,107.Common_Raven
9hrbnd6cdjlbyx7v,083.White_breasted_Kingfisher
9ih488uhfcfdcm2e,191.Red_headed_Woodpecker
9kzlubsnyj8e3o6l,063.Ivory_Gull
9l5pu0ju7t0zpdkg,007.Parakeet_Auklet
9lhy1fknyaf3jan9,037.Acadian_Flycatcher
9lt59xm54scdwuni,199.Winter_Wren
9lvzqwp5ob1v7unq,006.Least_Auklet
9ncd9nz9fadr1aos,104.American_Pipit
9nt60k75i6dvy0w1,155.Warbling_Vireo
9nxboo5o654nvg1c,162.Canada_Warbler
9oxm6wu4qzhpazz8,054.Blue_Grosbeak
9pfi4mk6avpzoee2,064.Ring_billed_Gull
9pzkmg5oa2k3axhw,189.Red_bellied_Woodpecker
9qkshq8uug0u3ox9,094.White_breasted_Nuthatch
9rkgmxcal5torxsc,079.Belted_Kingfisher
9rxyiwovyu269nod,090.Red_breasted_Merganser
9tvmwoan39v3uw82,164.Cerulean_Warbler
9w5j0hsr2o9vuw9u,190.Red_cockaded_Woodpecker
9wxabyhajvasiqj3,033.Yellow_billed_Cuckoo
9xfsclmcmlit40ps,181.Worm_eating_Warbler
9xx7hnl2ko5cnv16,173.Orange_crowned_Warbler
9y1l2yxcb1is92eq,199.Winter_Wren
9z6bfq0gkvcdmit7,026.Bronzed_Cowbird
9zddmgkl0eravu8s,032.Mangrove_Cuckoo
9zucgxoo0q0vpczc,101.White_Pelican
a1kredlobcix9d1e,164.Cerulean_Warbler
a1w3klm4mnrv7gzf,136.Barn_Swallow
a37gwr7zo9yhwcl2,058.Pigeon_Guillemot
a3oqgmpzk34m7nb7,140.Summer_Tanager
a4dqh2oaignplbvz,001.Black_footed_Albatross
a7orxpd9vokwh0h2,056.Pine_Grosbeak
aaf7gix2qusmtyyp,155.Warbling_Vireo
aajqdmeeoi6o16wl,013.Bobolink
abnrkzt26f1rage0,077.Tropical_Kingbird
aclzdxf7zmu7x1b1,001.Black_footed_Albatross
adirwamkzqg6r89n,001.Black_footed_Albatross
ae8sby7qgqmc2ney,135.Bank_Swallow
aeferjkxik5uerfr,144.Common_Tern
aefpm0raphjdlyqn,057.Rose_breasted_Grosbeak
aeicdk04kzzhki0m,116.Chipping_Sparrow
af431aheffpow0yx,136.Barn_Swallow
af88ph4tqb48puah,121.Grasshopper_Sparrow
afdo48optig08myw,051.Horned_Grebe
afh3ojzp8yxzez2s,192.Downy_Woodpecker
agfxwx0gl8n2finp,121.Grasshopper_Sparrow
agx7bc04gbgrppv0,057.Rose_breasted_Grosbeak
ah48y8aa63eh4tu9,153.Philadelphia_Vireo
aj37axmjm8tw6t80,058.Pigeon_Guillemot
akbw0cpjn6wz1d4i,048.European_Goldfinch
akxyvvsrwsvadr0u,032.Mangrove_Cuckoo
ao6gwifq2f5vv984,008.Rhinoceros_Auklet
aoflkd108mw8vx22,017.Cardinal
apqp5fvpzdstjtaa,152.Blue_headed_Vireo
aq4m5amqgq358w22,005.Crested_Auklet
aq5g0bthy0jugoqu,007.Parakeet_Auklet
arfj6abnlm5ulkl0,139.Scarlet_Tanager
asmnr7zitybv2amz,055.Evening_Grosbeak
asq4zdu69k97ky95,059.California_Gull
atcgi3m4ksd48pxk,134.Cape_Glossy_Starling
aucpo4yy3uzw0grh,192.Downy_Woodpecker
augkmaxmswzr26hn,035.Purple_Finch
auh1e4fgukytnrfx,176.Prairie_Warbler
axp2ghppw8jp4t5k,035.Purple_Finch
ayfz8ifydomtze47,061.Heermann_Gull
ayi9dnod4bdefaer,112.Great_Grey_Shrike
aymkik83rzdnn3on,046.Gadwall
azz3xyqjdhcn9gdj,035.Purple_Finch
b046xchlk4oon7hn,187.American_Three_toed_Woodpecker
b07omjbg8t3c4k89,086.Pacific_Loon
b08ibylmg90wrybu,141.Artic_Tern
b09iov3sb9aazemt,104.American_Pipit
b0k3jtfgbghwe8f9,057.Rose_breasted_Grosbeak
b0mvdd2pwtg34l2y,050.Eared_Grebe
b24dggxuh7cdqowa,107.Common_Raven
b496qagvgcm4wvzk,168.Kentucky_Warbler
b4puiowfwdghoz1c,086.Pacific_Loon
b5dlwofjnvgoewmw,180.Wilson_Warbler
b602u3uh8qs5xbwc,009.Brewer_Blackbird
b6d2h3ix81azfp3g,068.Ruby_throated_Hummingbird
b75wenla29c5v002,047.American_Goldfinch
b7jxtx1btjghirbz,144.Common_Tern
b7n8ex545gx4us58,155.Warbling_Vireo
b7zu5cgl6xzozo26,011.Rusty_Blackbird
b8tik0io45pn346m,115.Brewer_Sparrow
b8y2toialbd7gdmw,043.Yellow_bellied_Flycatcher
b9sru2zmk65anq0s,014.Indigo_Bunting
b9xevqpeiehlve8m,196.House_Wren
ba3o3uahtm2t88bi,076.Dark_eyed_Junco
bbd4avs6lwyo6yb1,173.Orange_crowned_Warbler
bcpjh8aokwxrwj0i,004.Groove_billed_Ani
bdol42sh9bo2v8mb,068.Ruby_throated_Hummingbird
bfbadga2yvbm9ol9,052.Pied_billed_Grebe
bfcfssbhz6cpewqc,184.Louisiana_Waterthrush
bgnb0h3to70kbp5i,054.Blue_Grosbeak
bgnyotw309n06fnh,087.Mallard
biglr53si2e06oaz,093.Clark_Nutcracker
biopobnq653jq9m2,046.Gadwall
bivv54tesc4g26yo,127.Savannah_Sparrow
bjlv5udfwa18jtlp,043.Yellow_bellied_Flycatcher
bjmblscgi2m0ub7a,011.Rusty_Blackbird
bjn3o8c3r4lj555d,024.Red_faced_Cormorant
bkfbxy4gc1rxkwaq,053.Western_Grebe
bm9lbzumjbbkcbk2,155.Warbling_Vireo
bmv2aoyoxwnoqky8,058.Pigeon_Guillemot
bnmdkk0ooqtg026v,066.Western_Gull
bnp6411bxmxcjn50,006.Least_Auklet
bo5vccqlpt5760pa,152.Blue_headed_Vireo
bo91qjfq97yfli5l,188.Pileated_Woodpecker
bp8875magdwiln6o,135.Bank_Swallow
bpagiq29lyad8hs2,137.Cliff_Swallow
bq1yev3ce4nomr7f,177.Prothonotary_Warbler
bqnus0h5t0imh40w,177.Prothonotary_Warbler
bqu4043xggemo2u1,118.House_Sparrow
br37mgdhxtw33jfg,163.Cape_May_Warbler
brfz5e8mo401vj7b,121.Grasshopper_Sparrow
brnh4v5ary5ku8co,098.Scott_Oriole
bs1kacf0bou7lr5p,084.Red_legged_Kittiwake
bsnpf2oz5j3y63zg,133.White_throated_Sparrow
buvt2lzaebpbqvwd,045.Northern_Fulmar
bvazw2ia69yv928v,161.Blue_winged_Warbler
bwvzhwo80swyo9f8,166.Golden_winged_Warbler
bwwcb4zoylnz4ois,193.Bewick_Wren
bzk1eg0b2zkl8slr,063.Ivory_Gull
c0rvuwjz2u7sifoj,103.Sayornis
c0vqt5b35zm49gzq,014.Indigo_Bunting
c11759u5mzuof344,111.Loggerhead_Shrike
c11h0blbvz51xey9,103.Sayornis
c29062ofrws3nfsf,108.White_necked_Raven
c33wbu28nw1r0915,178.Swainson_Warbler
c3hy629p99245ezl,008.Rhinoceros_Auklet
c3i1fbgaic4mzer2,030.Fish_Crow
c3sopisd0jjy4dwo,163.Cape_May_Warbler
c5s7druwa9e6irpw,122.Harris_Sparrow
c8ccj2lsjcnzkr4x,169.Magnolia_Warbler
c8es6cld05dnh3j0,038.Great_Crested_Flycatcher
c8m2rxcvubcf3i1y,120.Fox_Sparrow
c8s5r6qlpj9m2wuu,102.Western_Wood_Pewee
c8sh9xzl938v1p7q,200.Common_Yellowthroat
c9tq8yitvovoszfh,170.Mourning_Warbler
ca05pdsvwzh731bg,185.Bohemian_Waxwing
cacokfacjkmheirs,070.Green_Violetear
canqwmi9i1jmspo6,028.Brown_Creeper
canyvosoh6q5lwux,184.Louisiana_Waterthrush
cb7cb95s7pwt4v7g,069.Rufous_Hummingbird
cdax8l0lsb5cqgr0,174.Palm_Warbler
ceco5njc09vhzhtr,027.Shiny_Cowbird
cfrufisocay3pn4v,122.Harris_Sparrow
cg7n17zbyw926d0f,066.Western_Gull
cg7zxwbi9imc4rjf,104.American_Pipit
cge63033yik3xhxu,030.Fish_Crow
cgjqzu63knoo1a1u,179.Tennessee_Warbler
chnaxb3sn4en1jxv,055.Evening_Grosbeak
cijyr31112ohhgld,151.Black_capped_Vireo
ciqou0hrg2to92d7,132.White_crowned_Sparrow
cisofo3oooamlb2e,138.Tree_Swallow
cjd20nkit56bdx41,141.Artic_Tern
ck4zfehvkkv5vk3h,127.Savannah_Sparrow
ck7xn9wkluc6x6gg,193.Bewick_Wren
ckv5iyjijo9birhe,175.Pine_Warbler
cl6joyffb5itza4a,189.Red_bellied_Woodpecker
clemc37hxj2gzu6d,150.Sage_Thrasher
clfuyrwqgxkgqiuk,033.Yellow_billed_Cuckoo
clrb8mme1wtvzpzr,163.Cape_May_Warbler
cnnkx6x7tc2h1es7,170.Mourning_Warbler
cntipro9d0mlclpr,060.Glaucous_winged_Gull
cnyro9n1em1dpxiv,152.Blue_headed_Vireo
cpaix4031wweahiw,149.Brown_Thrasher
cpkeyajaz4emx6cj,108.White_necked_Raven
crqg3096ebcyvz3m,129.Song_Sparrow
csi1da6nr7vrtrsx,014.Indigo_Bunting
cuyo74kuk09t8zr8,062.Herring_Gull
cvy7mzhso06ddr0l,075.Green_Jay
cvyopgegxjpotsod,070.Green_Violetear
cy5uvmjzmesjyc0n,194.Cactus_Wren
cz0lfcasby7al8vg,162.Canada_Warbler
czc2yq6ih87ljwm5,055.Evening_Grosbeak
czd8bsa5k35nnwnm,109.American_Redstart
d1ecovrwqjxgls18,094.White_breasted_Nuthatch
d1fte3vh1c0aaqqy,192.Downy_Woodpecker
d27il8i2sb78i4ch,074.Florida_Jay
d2gzk6tn597w01td,183.Northern_Waterthrush
d2juditxzz5ert97,166.Golden_winged_Warbler
d36ll0dpamq7db4p,177.Prothonotary_Warbler
d3h7pjxjjx1j2o4d,187.American_Three_toed_Woodpecker
d3u26ttfes6nhd6h,140.Summer_Tanager
d4jpj0x9341pdj6y,039.Least_Flycatcher
d4rh1wlsucdtlsar,018.Spotted_Catbird
d4sdmw5llja5shma,152.Blue_headed_Vireo
d5npyh0e8oz0i232,160.Black_throated_Blue_Warbler
d6mlmodcb66e8f23,030.Fish_Crow
d6urxog91oe0c52c,098.Scott_Oriole
d7j4ekkj7direumq,165.Chestnut_sided_Warbler
d7x5xk7k2brm7p18,038.Great_Crested_Flycatcher
d8gdjebx94v8wqex,051.Horned_Grebe
d8w4fgv5um6u0tny,074.Florida_Jay
d96emfgilwjfgh3j,168.Kentucky_Warbler
d9fl8royef2qr773,105.Whip_poor_Will
dbha4u3bmnhvld4b,044.Frigatebird
dc6gtbqkqzx21rij,070.Green_Violetear
dcfbfe2at7g6wag4,014.Indigo_Bunting
df0ik1d1eiz9asub,012.Yellow_headed_Blackbird
df0spm0kx6gn36kv,114.Black_throated_Sparrow
dgvxub7bcbfut9x7,076.Dark_eyed_Junco
dhzlx0lafu6ouq8t,100.Brown_Pelican
dk7kuy76zx334rby,050.Eared_Grebe
dkj5rjjdrmk0gn4y,045.Northern_Fulmar
dlq5cpnyfolj203v,051.Horned_Grebe
dmnkgia4jjury10r,088.Western_Meadowlark
dnlonq57v5rmvdwj,199.Winter_Wren
doar7kfrtror3xdr,099.Ovenbird
dos14iwugujs7nsj,114.Black_throated_Sparrow
dpf9az26sa9q8l7u,024.Red_faced_Cormorant
dr2rdmpbsmn8084g,133.White_throated_Sparrow
drdarhanfbtwooih,131.Vesper_Sparrow
drzaifyj4wvapt7j,022.Chuck_will_Widow
dth6dc9mlk0kq1lg,195.Carolina_Wren
durhecdt5adj56ug,037.Acadian_Flycatcher
dustxlr73vs8k3jp,128.Seaside_Sparrow
duyzprgrqna83fog,010.Red_winged_Blackbird
dv9sqsk8wsgp8spv,179.Tennessee_Warbler
dvipqnq6rzn2zp2l,176.Prairie_Warbler
dvn2f55cwgjkr0cx,190.Red_cockaded_Woodpecker
dvsh6zv3j8wit3kz,193.Bewick_Wren
dw0t62jf021pall5,017.Cardinal
dwdrgerxqeiuuf3q,179.Tennessee_Warbler
dzqc4ibc99vxx9z9,130.Tree_Sparrow
e0l2780tm950oxcs,160.Black_throated_Blue_Warbler
e1p1l3o98raw0zf4,177.Prothonotary_Warbler
e1p9br1tql9h550z,035.Purple_Finch
e2n3sm7j1opxq4ue,172.Nashville_Warbler
e2qzx60zji0adp2p,043.Yellow_bellied_Flycatcher
e2tle57g58mxn1tu,146.Forsters_Tern
e2vv189po1bl6kqe,099.Ovenbird
e496fr72rzh8f1k2,081.Pied_Kingfisher
e5gox90lsdv29ajn,112.Great_Grey_Shrike
e6pa3lod80roa6p7,068.Ruby_throated_Hummingbird
e9dog0gurpdq8nh5,152.Blue_headed_Vireo
e9pmtfi9qdrvj6cq,159.Black_and_white_Warbler
e9ty1m41krwn4vj4,078.Gray_Kingbird
ea8ng3ajktae7vfs,113.Baird_Sparrow
ebgzpwzvt3jsfwv5,096.Hooded_Oriole
edlp8qnrjgp9x02e,072.Pomarine_Jaeger
edzzldyf7deuf3tq,154.Red_eyed_Vireo
ee0egagj8mfje7oe,092.Nighthawk
ee70fg4h4mol5m0f,128.Seaside_Sparrow
eeifao4ubs5by7df,181.Worm_eating_Warbler
efpg5jlxrcdvdsuf,013.Bobolink
efr4pkqlfs8h5wyx,195.Carolina_Wren
eg1ob4t285pkkjv3,108.White_necked_Raven
egtsdqvvgnlrtdv0,052.Pied_billed_Grebe
ehb5d1k846cqby1s,002.Laysan_Albatross
ei0faekaio9kmml8,014.Indigo_Bunting
ei6891xs46d9s7am,047.American_Goldfinch
eima09x766moqagg,021.Eastern_Towhee
eiqkglhd108fz2id,001.Black_footed_Albatross
ej7udd8ao9zllui9,044.Frigatebird
ekl8x849jpegub93,020.Yellow_breasted_Chat
ekr02o2h49tniw96,125.Lincoln_Sparrow
ektlsipmnqs5hzpd,101.White_Pelican
el7oyufcvg6y0mdu,092.Nighthawk
elnye623hc505161,118.House_Sparrow
emm72ulc0fraalm6,180.Wilson_Warbler
emy16aifwqnoitco,005.Crested_Auklet
enn4j828as3gbwij,093.Clark_Nutcracker
eogyn9cxgnr3o534,173.Orange_crowned_Warbler
eop9icy7st24fbl3,172.Nashville_Warbler
epb1ge94p4pwcg83,144.Common_Tern
epwy5qy25vvpgli1,159.Black_and_white_Warbler
eqt1e57jepyspzxx,021.Eastern_Towhee
etjfd248yvzkld33,153.Philadelphia_Vireo
etjscuqrlqh1tm73,004.Groove_billed_Ani
euf5f1xftagd9pu0,039.Least_Flycatcher
euk2d88uic7j64yh,012.Yellow_headed_Blackbird
evohw4cbb90majvb,048.European_Goldfinch
evwil47p7rpegy0y,157.Yellow_throated_Vireo
evym3keq41ysuozj,055.Evening_Grosbeak
ewtlgu0tf33qrwqd,077.Tropical_Kingbird
ex0dvfbref9bi2sm,129.Song_Sparrow
ex61eydgy156v905,020.Yellow_breasted_Chat
exhbojacx27891r4,095.Baltimore_Oriole
eyyro9ca6hz5wy3r,196.House_Wren
eztjk5tmjuowstg6,193.Bewick_Wren
f0dk58qy916fmbcc,022.Chuck_will_Widow
f0fwhmkuu7bp6don,056.Pine_Grosbeak
f0kl3z64owpwpeur,101.White_Pelican
f0km1kmga8525f1j,066.Western_Gull
f1ao6ilsalyop25y,105.Whip_poor_Will
f1fhde2t6sz0y4mw,194.Cactus_Wren
f1r9biyfmme99ys2,013.Bobolink
f3z07gvn2dj8thj2,091.Mockingbird
f4bbufs8022ygnux,127.Savannah_Sparrow
f4bso9p8715ge180,002.Laysan_Albatross
f4hfiglfw888wek6,085.Horned_Lark
f4urhcaco3ot3rou,064.Ring_billed_Gull
f5qvn5s4ldnz6vbu,117.Clay_colored_Sparrow
f62tnc2mvfmphp4n,143.Caspian_Tern
f7lkn37qtlub606l,178.Swainson_Warbler
f8xiws6m2c8erwyk,077.Tropical_Kingbird
f8y6jdaz0u5o727r,083.White_breasted_Kingfisher
fbiztfj89thjxrrm,157.Yellow_throated_Vireo
fc42s8qf5fzgyahv,193.Bewick_Wren
fdbvzmpn3i9smekg,033.Yellow_billed_Cuckoo
fdlle7iyz5l43ytt,200.Common_Yellowthroat
fe33inyfsxb78fht,096.Hooded_Oriole
fee74teefvuptmou,008.Rhinoceros_Auklet
fep2dok13axfd3uz,196.House_Wren
ffehvi1kyu9ktg3b,165.Chestnut_sided_Warbler
fff30t7qr7wef6do,034.Gray_crowned_Rosy_Finch
fg7cqobh7apnfomj,164.Cerulean_Warbler
fhvy5yjhyve4qq6s,025.Pelagic_Cormorant
fkffxn2hci1exl0e,142.Black_Tern
fkqwt3lonfmv1o2u,006.Least_Auklet
fl4wtjce9aualhwf,132.White_crowned_Sparrow
fmj9opum115bavc4,036.Northern_Flicker
fmzn2cuuoz2gap8x,152.Blue_headed_Vireo
fno0cuozaednzeim,009.Brewer_Blackbird
fo86h92vd6uov7t3,060.Glaucous_winged_Gull
folqy90evkye9coj,022.Chuck_will_Widow
fon69by2ssgfov3q,026.Bronzed_Cowbird
fr5krrxkxbt6xpwm,001.Black_footed_Albatross
fs2py74w6w921910,025.Pelagic_Cormorant
fsph7hup43eegzwf,083.White_breasted_Kingfisher
fsrnwwze24atqlpy,001.Black_footed_Albatross
fsvx2lxyorx7rpgp,148.Green_tailed_Towhee
ft84i30k5vbq4cp4,012.Yellow_headed_Blackbird
fu9wgxc2zaryybx3,189.Red_bellied_Woodpecker
fuax4xvhc6fibw95,059.California_Gull
fuqbu4kah0tdwzln,160.Black_throated_Blue_Warbler
fv3ra51kho7lhofq,016.Painted_Bunting
fvrzuuac35psa8t5,163.Cape_May_Warbler
fvw66xpqlpf8sbka,184.Louisiana_Waterthrush
fvx7w0px0rzmmmni,092.Nighthawk
fwixa59i3qa3gtpo,031.Black_billed_Cuckoo
fwovjygdqn8lynn9,067.Anna_Hummingbird
fx001q25lfqiu31b,194.Cactus_Wren
fxy0l9eipijkfpdz,140.Summer_Tanager
fy9pej06zk9h9h5a,069.Rufous_Hummingbird
fyekvbiiw6je4n85,185.Bohemian_Waxwing
fyougfi437jk0q0z,195.Carolina_Wren
fzfbqm8i7sz517k7,196.House_Wren
g001owor9u6fa9wp,029.American_Crow
g0bw5sle4jfb7tdi,086.Pacific_Loon
g0imgiq4uce6m5ro,133.White_throated_Sparrow
g16ftq1xfofc8ekt,131.Vesper_Sparrow
g1n06z82upjjugcv,147.Least_Tern
g20xg5wholhi2m2e,034.Gray_crowned_Rosy_Finch
g2a3u23piyvcp8gs,092.Nighthawk
g304qz4nv7tqi35y,195.Carolina_Wren
g3niegx47hkn5b0b,070.Green_Violetear
g4ei5ztc2shzb8ob,095.Baltimore_Oriole
g4myahkexa6vhpbf,122.Harris_Sparrow
g5f416ebscrrjdv4,051.Horned_Grebe
g72esss1ptsubf2h,128.Seaside_Sparrow
g742g8dei2jxfu5v,161.Blue_winged_Warbler
g790nackd79p4v32,085.Horned_Lark
g79ogy57snpf9he2,150.Sage_Thrasher
g82mrsgowm4fg1qa,154.Red_eyed_Vireo
g87mzg9n97wj8aoj,099.Ovenbird
g9g7ac51pa7h62ly,192.Downy_Woodpecker
gajx4n0tz10bpvhi,028.Brown_Creeper
garsbn8bi7tzsrvt,082.Ringed_Kingfisher
gb9w3mvi3cv81jxk,014.Indigo_Bunting
gbaapx9neyscfjwm,120.Fox_Sparrow
gblp3ywzmll6k56k,167.Hooded_Warbler
gbyiv1zj9r3ynssu,081.Pied_Kingfisher
gcs6vkg63febjkpj,100.Brown_Pelican
gdmac4ni4il7waz5,025.Pelagic_Cormorant
gdnq9z6rt97mjc7a,066.Western_Gull
geathfsp7vy0speq,052.Pied_billed_Grebe
gelxtb8mvf7jmxdw,119.Field_Sparrow
gf3lzwvlzs3qxp7m,046.Gadwall
gf4mulpusr3i3w6s,005.Crested_Auklet
gi9l6qmcunrsx0pi,171.Myrtle_Warbler
gihff590upqth5n5,152.Blue_headed_Vireo
gjurtdqpoipcg1yc,038.Great_Crested_Flycatcher
gk2xz614pkraipmh,169.Magnolia_Warbler
glgwwclq8fdmrnc5,034.Gray_crowned_Rosy_Finch
gmqmdmghscfmn8mj,146.Forsters_Tern
gms3dzn8bzzt4bdg,007.Parakeet_Auklet
gn5dhsv60kgz4ek1,075.Green_Jay
go4gbim3wc8xw2zz,011.Rusty_Blackbird
goao91ca79z3725a,171.Myrtle_Warbler
goempikxcy3q4b3g,195.Carolina_Wren
gopcbg71x0gfh45c,156.White_eyed_Vireo
goy6ztrymedlsopl,073.Blue_Jay
gqm6zkas04hfkuwv,124.Le_Conte_Sparrow
gr56ochyngimmdxh,084.Red_legged_Kittiwake
gs3bfbvmicmgyomb,093.Clark_Nutcracker
gs84pj5061h43ato,081.Pied_Kingfisher
gspiqo2n4y9z2ago,095.Baltimore_Oriole
gtxupxg7cx5qndtx,177.Prothonotary_Warbler
gv1mty4el3ez402k,158.Bay_breasted_Warbler
gvqzjjf41bhijua2,091.Mockingbird
gwafdfaaj7iy7ujs,172.Nashville_Warbler
gwe4s5j8w8c5jys8,114.Black_throated_Sparrow
h06dki77igaofx3z,104.American_Pipit
h0fd6w29ue0tdx8m,139.Scarlet_Tanager
h16m0qswfytqaj98,058.Pigeon_Guillemot
h1vyhp1e021g8i33,168.Kentucky_Warbler
h258ggn6dl3zmdor,127.Savannah_Sparrow
h27mz2nd2p8m9k61,191.Red_headed_Woodpecker
h32e64fgwyhpzbrh,162.Canada_Warbler
h3tgmvqcw8mcwvaq,176.Prairie_Warbler
h48hhym3d0pk5t7w,104.American_Pipit
h4j75q05pzgc50ve,022.Chuck_will_Widow
h56tbhht8p02za15,004.Groove_billed_Ani
h5gkfvpc8mmpw1c3,116.Chipping_Sparrow
h5nzutc6hteyo3vo,082.Ringed_Kingfisher
h78r5qee5gw7ww1x,106.Horned_Puffin
h7b0y1na062kfeha,030.Fish_Crow
h7x8jg0bmxhje3fb,069.Rufous_Hummingbird
h8p8cknmbvuq1xlr,110.Geococcyx
h9occ4oy59zkj55z,124.Le_Conte_Sparrow
h9sa1riabkovul98,168.Kentucky_Warbler
ha44pxfoub9frgf2,038.Great_Crested_Flycatcher
ha6a3bn0wouwtf2t,110.Geococcyx
hcl8y23zg13ufbay,126.Nelson_Sharp_tailed_Sparrow
hded1nbm84bzb11m,102.Western_Wood_Pewee
hdkom88o988tipni,015.Lazuli_Bunting
hdn487hqhw6t3qut,084.Red_legged_Kittiwake
hf6sxmrokwftgf4i,092.Nighthawk
hf930b3a6y3nug90,040.Olive_sided_Flycatcher
hgeshhy0vp7tjdx3,095.Baltimore_Oriole
hj6p0ejfxbz93kia,118.House_Sparrow
hjvittugujd106bq,010.Red_winged_Blackbird
hkb3sszsaxsdkhmv,021.Eastern_Towhee
hmqgf44qggejeeyk,111.Loggerhead_Shrike
ho2258rchjmalipr,073.Blue_Jay
hob5vg75v1unxdkl,190.Red_cockaded_Woodpecker
hoc5ex878dsvqd0h,050.Eared_Grebe
hp8gak156jscf5no,093.Clark_Nutcracker
hqk2vk75touca76x,199.Winter_Wren
htqb6et5gqou4q6w,046.Gadwall
hu7kq3xp9qadjyb2,036.Northern_Flicker
hub627c5ojxy5cs1,001.Black_footed_Albatross
huumlijmljjwoiqp,096.Hooded_Oriole
hvxg8738isolrc3y,188.Pileated_Woodpecker
hyo1m8rlm6bp9say,102.Western_Wood_Pewee
i08k6bvxrsuccxsi,014.Indigo_Bunting
i0hkozlo12wv34l0,019.Gray_Catbird
i2vztj4x4gkf0x93,168.Kentucky_Warbler
i37s8scuu95x27nv,034.Gray_crowned_Rosy_Finch
i4jpo393mckwgwsd,072.Pomarine_Jaeger
i4kztbzurvqx6c5o,159.Black_and_white_Warbler
i5vb3roc42yn8kwx,087.Mallard
i7rm1vkbfeqza873,045.Northern_Fulmar
iaorkz1dhz4h8ol3,002.Laysan_Albatross
iatwzbso9jh743h7,130.Tree_Sparrow
iaz49abkcz0up5hl,076.Dark_eyed_Junco
ibut94zdykay13oa,123.Henslow_Sparrow
id6hegn3rlia35w3,155.Warbling_Vireo
idc3xi2wux65u4n1,105.Whip_poor_Will
idqk1ut2qp2gche7,152.Blue_headed_Vireo
ie0lu0mkcotsbemn,041.Scissor_tailed_Flycatcher
ie2rgarc83y3emca,009.Brewer_Blackbird
iebetayfvvgcg5fp,173.Orange_crowned_Warbler
igeptjn7iw22h34v,003.Sooty_Albatross
igib6iqtt2hdadpp,124.Le_Conte_Sparrow
igmqh7444l963agc,094.White_breasted_Nuthatch
ihqbdthwakudfic9,194.Cactus_Wren
ii8m3rxuko8vuctj,167.Hooded_Warbler
iiao39b5mog7vsr2,189.Red_bellied_Woodpecker
ijiid6m0rvvjt4ki,135.Bank_Swallow
ikz68y7jdvhsvgpm,056.Pine_Grosbeak
ilmf0vugxmg9q253,024.Red_faced_Cormorant
ilxllqbdw7mdbzv6,011.Rusty_Blackbird
imct78laoold5ylv,068.Ruby_throated_Hummingbird
imsk615pz39ahka0,097.Orchard_Oriole
inhnxvz41ebvna16,078.Gray_Kingbird
ipyhj0xf6whqckak,148.Green_tailed_Towhee
ir9jkwnu2dlo4q0m,070.Green_Violetear
iryf3pqe9ehkqzt1,151.Black_capped_Vireo
it5f72kdw0avjs11,173.Orange_crowned_Warbler
itch1qf6w16m4yeb,143.Caspian_Tern
itopgfd710lxvbas,103.Sayornis
ity9558dt0u17qwq,145.Elegant_Tern
iug0tmamd073euci,070.Green_Violetear
iutq4vlvu0y04qez,100.Brown_Pelican
iuv4g61vplb6z03g,133.White_throated_Sparrow
iwhaacx0a89d8d8n,023.Brandt_Cormorant
ixy5hwl85pvieopm,144.Common_Tern
iyddsx7d41zp3o17,042.Vermilion_Flycatcher
iyp2rqukt55tuvnp,102.Western_Wood_Pewee
izcpwktz1ys34qeu,060.Glaucous_winged_Gull
izwr8givjmw7czg4,037.Acadian_Flycatcher
j03t1xqixz3wah0s,079.Belted_Kingfisher
j0lqmxd5nr610l48,112.Great_Grey_Shrike
j1571c9kl2l9w8bb,043.Yellow_bellied_Flycatcher
j2pdbnaqndwgfige,011.Rusty_Blackbird
j413ducg8sbhawe6,099.Ovenbird
j4d2oo12317jo0pq,197.Marsh_Wren
j8u552ojp7mvlr5e,190.Red_cockaded_Woodpecker
jadxtmww4cstjslo,186.Cedar_Waxwing
jaldi60pahl0cq4l,191.Red_headed_Woodpecker
jarf2j0fi5a6djm3,025.Pelagic_Cormorant
jaxcd8lr9wwieswj,054.Blue_Grosbeak
jb0onbpx5i2akp8v,194.Cactus_Wren
jbww28fgwkoq0b0l,041.Scissor_tailed_Flycatcher
jc2bvx9ywjm8zo7p,006.Least_Auklet
jduyoy0d6teavlid,006.Least_Auklet
jdx769ynj7gk4sf4,015.Lazuli_Bunting
je6ufg63tixy6f9b,053.Western_Grebe
je7r3ui1xymfncj9,170.Mourning_Warbler
jedaxuk579kzajgi,063.Ivory_Gull
jefpi1v3wtd52urh,122.Harris_Sparrow
jep67soqdmurr7ca,004.Groove_billed_Ani
jf40q0sm8pv7h913,094.White_breasted_Nuthatch
jf7584530cv5g1ka,049.Boat_tailed_Grackle
jg3zkqrevfeapk1p,090.Red_breasted_Merganser
jh2n7gkchqqpr1dk,049.Boat_tailed_Grackle
jhsbmjjcoq94tca9,083.White_breasted_Kingfisher
jjzayfg9vqifjxka,172.Nashville_Warbler
jl7hm2ep1n4j9inl,103.Sayornis
jlhb2nejgnogwquj,105.Whip_poor_Will
jlqfb59z6pimgiug,133.White_throated_Sparrow
jm1tmb12bh8845dq,128.Seaside_Sparrow
jnajpr80ue427id7,071.Long_tailed_Jaeger
jnoww09zyih51scr,130.Tree_Sparrow
jnubiinh1ufa6w84,096.Hooded_Oriole
joupf1q1odb1j3k0,120.Fox_Sparrow
jp7jl23ujxd6s1wa,061.Heermann_Gull
jpjnvah1dlok7itl,124.Le_Conte_Sparrow
jpr2vh09di82syex,169.Magnolia_Warbler
jpxtyj60qkya6d2t,123.Henslow_Sparrow
jr8lhp9opfnnidxk,049.Boat_tailed_Grackle
jrjbmy3bf35f5dws,023.Brandt_Cormorant
jrz9ghic44xc82sp,017.Cardinal
js5mdcxg8x7c9i0r,181.Worm_eating_Warbler
jsb7uk8thukuj6u0,175.Pine_Warbler
jshdhc5yhi39u04o,012.Yellow_headed_Blackbird
jspyudmh4bakfhzs,152.Blue_headed_Vireo
jt76awbhxu0x3s5v,175.Pine_Warbler
jtaimfui78492jha,127.Savannah_Sparrow
juchc7utgl1ldi0s,186.Cedar_Waxwing
jui6bhoadmqp3hrf,060.Glaucous_winged_Gull
jv48mm8bcxlt48cb,193.Bewick_Wren
jv9jd0lx9u456633,130.Tree_Sparrow
jvuw14uze11a704t,060.Glaucous_winged_Gull
jw7bcwuc2jcick0o,061.Heermann_Gull
jwdrjwkxfrg36hd8,120.Fox_Sparrow
jx8azikte2yvkyg2,197.Marsh_Wren
jyakqe1zyry2vczo,192.Downy_Woodpecker
jz5gnlb1hhcwgbw6,046.Gadwall
jzm2qocqqmkbree1,194.Cactus_Wren
jzmnkwckt928lrob,166.Golden_winged_Warbler
k0awtjigm5gz8aqt,180.Wilson_Warbler
k0pysd18ij5dap4v,083.White_breasted_Kingfisher
k1h8t05b8ysxknb8,102.Western_Wood_Pewee
k1l554e2jltgj4cb,170.Mourning_Warbler
k1zpzitn6r0kivvo,109.American_Redstart
k20ih17849x0yxtq,008.Rhinoceros_Auklet
k2tqsqvfq7ybzg53,029.American_Crow
k37nzyv5vklweqgi,065.Slaty_backed_Gull
k3l26pgutgaoq4lm,138.Tree_Swallow
k442re9ielwsbq77,017.Cardinal
k4ir2ewdlm5zzrwg,154.Red_eyed_Vireo
k51kzqnb9i6wucvm,091.Mockingbird
k52f97htpsvefxo7,171.Myrtle_Warbler
k5a0fe3vi4mdvo4e,111.Loggerhead_Shrike
k5o9g2nhd834z0m6,128.Seaside_Sparrow
k7x1k8bd8ilmbobe,039.Least_Flycatcher
k8j108ffrcgv9xtj,138.Tree_Swallow
k92b94edigznbr7e,189.Red_bellied_Woodpecker
k9m2um82alattod0,046.Gadwall
kb5x03sjqsuwzjbm,081.Pied_Kingfisher
kbqvxht9q7zouz5x,008.Rhinoceros_Auklet
kdpxptmnf719q7of,153.Philadelphia_Vireo
kdqky7pl8kfd7j4p,096.Hooded_Oriole
keckeno6jq1w3xgx,122.Harris_Sparrow
kg3e4nbnigdnvtrz,047.American_Goldfinch
kghssx6f9usodrlf,180.Wilson_Warbler
kh5d98odayjw5yks,023.Brandt_Cormorant
khg85ja5jgz63436,053.Western_Grebe
ki56j20b0wt9aes9,058.Pigeon_Guillemot
ki7jte018k9gxfu2,111.Loggerhead_Shrike
kik17h7rpjkel63e,181.Worm_eating_Warbler
kitcqfz4hii1uxgv,145.Elegant_Tern
kjbavrqc16kvu6et,022.Chuck_will_Widow
kjdte4xnxq84rbe5,150.Sage_Thrasher
kl1hmomdgs32scrk,066.Western_Gull
kl7491kcekrvp7ma,137.Cliff_Swallow
klrbjsi41q9gq7pe,034.Gray_crowned_Rosy_Finch
kn1qhbn9ux3pl3bq,093.Clark_Nutcracker
kn83yw2y46sg91xu,003.Sooty_Albatross
knbey0k2c4b44s3a,178.Swainson_Warbler
ko7gt2xozoybzegs,024.Red_faced_Cormorant
kompyl0xhcosl5t4,054.Blue_Grosbeak
kpy679829mt397qd,074.Florida_Jay
kqh8yw7d8p6kokix,104.American_Pipit
kqsxbuu9lewvc3af,050.Eared_Grebe
kr0m3xdvyi50h6uf,139.Scarlet_Tanager
krzu1sx2plqwngrd,151.Black_capped_Vireo
ks0o0rypvabvlbar,100.Brown_Pelican
ks8ddrdmmgjqy1co,060.Glaucous_winged_Gull
ksvsdh5qd0696oel,095.Baltimore_Oriole
kt3phd7t3rvgykuk,198.Rock_Wren
kt3vm9f9ggeefj2k,126.Nelson_Sharp_tailed_Sparrow
kt6qkptzsc3z4fva,147.Least_Tern
ktdpyuvyntc3x08c,183.Northern_Waterthrush
kvccga554ypgd861,096.Hooded_Oriole
kw0by3ermrlv5gv6,013.Bobolink
kw6l2qeez5sn067r,197.Marsh_Wren
kw77xm55gwclabno,189.Red_bellied_Woodpecker
kx3hn34kk6mkhd2z,007.Parakeet_Auklet
kx8153ox1dnm9quq,061.Heermann_Gull
kxbgvevzc21kxzhj,074.Florida_Jay
ky0p1jdq36n5thll,121.Grasshopper_Sparrow
kydkr82z97vjvri5,158.Bay_breasted_Warbler
kyof3h775thptud3,129.Song_Sparrow
kyrww2m3n7qz4cu2,091.Mockingbird
kzbt4sd6mu40xnyj,098.Scott_Oriole
kzg2epvrz0ca95ef,098.Scott_Oriole
kzykqpy4fcvj0mxy,155.Warbling_Vireo
l0ecf9xlu37u0at7,060.Glaucous_winged_Gull
l0sbggvt6evwtpqa,057.Rose_breasted_Grosbeak
l0tj0hsych9i37jp,048.European_Goldfinch
l1k03gsbpudbr54d,021.Eastern_Towhee
l21meeuam1qsly8r,170.Mourning_Warbler
l2jecxofsekg4lf5,119.Field_Sparrow
l2wrtifvzbn3l0h3,089.Hooded_Merganser
l3m0zxl4yhc7rees,048.European_Goldfinch
l3oxbbpjla6fzgh8,109.American_Redstart
l423fna8zu54oe9o,072.Pomarine_Jaeger
l426jls7wzb7e7hu,125.Lincoln_Sparrow
l4oijnmrw2b9w2ok,174.Palm_Warbler
l5vecrdr4alcit39,185.Bohemian_Waxwing
l6xeda8s9x8dgk4f,018.Spotted_Catbird
l7j4qo7vhi6mfyht,140.Summer_Tanager
l7jmujxxvvav9ow2,062.Herring_Gull
l93b2bmjj4qlejci,009.Brewer_Blackbird
lbvyw1xpcwrryw20,128.Seaside_Sparrow
lc31oldpdjxctmvp,145.Elegant_Tern
lds0nocaiaze50tx,070.Green_Violetear
le6dyq1dywl9l7z2,109.American_Redstart
lfou1eiv1jjy9tej,081.Pied_Kingfisher
lh98rzie9bp70gpz,063.Ivory_Gull
lhpun5nhpp2enu8f,088.Western_Meadowlark
lhz9lucsrdnylqfk,176.Prairie_Warbler
liccjxr9wm2v4uid,120.Fox_Sparrow
limhbk0hym1zrbap,084.Red_legged_Kittiwake
liyauxk0vouhua0q,036.Northern_Flicker
lkaokjr76w4u0x1w,098.Scott_Oriole
ll1zcj8vginvuz5s,139.Scarlet_Tanager
ll9coeh3tnygtqgg,116.Chipping_Sparrow
llaswtn1eq599vhg,197.Marsh_Wren
llhngevf460oqqc5,143.Caspian_Tern
lljcx9j1616qbj5z,184.Louisiana_Waterthrush
llophbr0mx9rftyy,112.Great_Grey_Shrike
lndxsqcwrbb7zmqv,113.Baird_Sparrow
lnncp2gm9lik69m3,185.Bohemian_Waxwing
lnxm5qzpvpqw8te1,187.American_Three_toed_Woodpecker
lo2ggsxrx72r7ngl,163.Cape_May_Warbler
lo84xyqxdm3yeime,177.Prothonotary_Warbler
lpzdvf83ik13pucr,073.Blue_Jay
lq8samfbttamonu9,056.Pine_Grosbeak
lqmipuf1p1lriivl,008.Rhinoceros_Auklet
lquo3h5tfao0jgi0,062.Herring_Gull
lrib483beh1ttlpy,039.Least_Flycatcher
lsayev7rh92i8rqu,096.Hooded_Oriole
lsj0hje7k415dn6q,085.Horned_Lark
lsjvwsutl379gs11,076.Dark_eyed_Junco
lstx0roj24enq5yv,168.Kentucky_Warbler
ltwvsol91hcmv7m8,129.Song_Sparrow
ltwwbbe5h5j4kxac,020.Yellow_breasted_Chat
lucq2p4rf6t783z1,148.Green_tailed_Towhee
luejjsca79f8qihu,092.Nighthawk
lv4z3vy57m3x90na,167.Hooded_Warbler
lwe73ab42wi9cqdh,125.Lincoln_Sparrow
lwf87lvdc4ekluhj,130.Tree_Sparrow
lwjh8niboz515zqt,073.Blue_Jay
lxcvxs4zwxo77iqu,005.Crested_Auklet
lyae33tmbuu8wdxd,033.Yellow_billed_Cuckoo
lybtajwrl3equmw6,016.Painted_Bunting
lyrn29eqclxhd3ff,149.Brown_Thrasher
lz782snlacpf93pv,024.Red_faced_Cormorant
lz7tlpvvbbz95lcc,024.Red_faced_Cormorant
m0w6idxmvv6p2po9,057.Rose_breasted_Grosbeak
m2sowa2cws19qtbb,120.Fox_Sparrow
m3tgm10owu6k5u0i,141.Artic_Tern
m4055ggvs5c3yf5h,029.American_Crow
m4c8h85y834ny9p1,018.Spotted_Catbird
m4t92u2rsscz1cig,021.Eastern_Towhee
m77v1q461vj0rw92,110.Geococcyx
m85k277xik2z7aqj,141.Artic_Tern
m8ehyjo9ccaeqrne,078.Gray_Kingbird
m9dairam7h5ezl18,110.Geococcyx
mae2j0h7u994lsoo,193.Bewick_Wren
mbe0j6d8ww945u18,037.Acadian_Flycatcher
mbim68hk7zfwc7zg,057.Rose_breasted_Grosbeak
mc291yfro1y4m9pk,134.Cape_Glossy_Starling
mc5449t4u2yicxzf,074.Florida_Jay
mcbu9kdk9m13njkc,116.Chipping_Sparrow
mce3e7r0bv0ickjd,112.Great_Grey_Shrike
mcju0x29xhfwntyu,036.Northern_Flicker
mcme2j7kbirszb19,002.Laysan_Albatross
mdyad25fd0hdc6x2,147.Least_Tern
memlr7dty5f9x15g,085.Horned_Lark
mfem06pqmn514oo3,029.American_Crow
mfxsjta7c4y0fg4v,092.Nighthawk
mg3z8wqga7fgpbld,176.Prairie_Warbler
miboi3n9wdysae1g,075.Green_Jay
mjipc3s772epapvh,052.Pied_billed_Grebe
mk900ksip956g0sx,016.Painted_Bunting
mkcfk7waektpbe0g,061.Heermann_Gull
mlch53at9jbfeife,146.Forsters_Tern
mlt8wq1iwlkz79fm,174.Palm_Warbler
mma4rfr2mm68xn8z,152.Blue_headed_Vireo
mmit6hvro7wqm1id,064.Ring_billed_Gull
mnk1c0o9omfpu14p,153.Philadelphia_Vireo
mnwbv4hooeo6suuv,065.Slaty_backed_Gull
mp3ijd7yxvf2phs6,089.Hooded_Merganser
mrnb6wwbn1om5xlt,187.American_Three_toed_Woodpecker
mtr9wanoicc8uwe3,144.Common_Tern
mtto3ocegyx97f2n,025.Pelagic_Cormorant
mu0uwmbg3w4ma1gj,135.Bank_Swallow
mv8ye800w2cgloo5,149.Brown_Thrasher
mvvz5iw5yjuu76n5,181.Worm_eating_Warbler
mwha61ybvfs1ycy7,195.Carolina_Wren
mxl8wc1l5phragqv,125.Lincoln_Sparrow
mxq2i70bkeu7unpn,168.Kentucky_Warbler
mz4xmjx0tp44wbsh,180.Wilson_Warbler
mz6zx2l4rq0mxavt,156.White_eyed_Vireo
mz80gs5wqmztjnh9,023.Brandt_Cormorant
mzzb5zhh69jbz7ua,119.Field_Sparrow
n059hh1jvvqijx34,022.Chuck_will_Widow
n0rdr57jb8xu3hs6,182.Yellow_Warbler
n1b1jwx13jdxi6zj,144.Common_Tern
n3ji38k5h78isp7k,080.Green_Kingfisher
n3m5vd034w42zo76,183.Northern_Waterthrush
n4betmohwoa4ie7e,118.House_Sparrow
n4robtea426py7a4,078.Gray_Kingbird
n57mm82szb9k1z0y,198.Rock_Wren
n68v9h9vsmpz7axq,179.Tennessee_Warbler
n6edcnyd9ntxx8jm,166.Golden_winged_Warbler
n6ps7i43t7qcicxb,104.American_Pipit
n71rxd0hk7hbiclu,172.Nashville_Warbler
n8ce7l62qqauy1dx,131.Vesper_Sparrow
n8dtgvwwmvdbem9c,124.Le_Conte_Sparrow
n9a5zc92gtt9n860,159.Black_and_white_Warbler
na2ql7voz6v3z8yf,111.Loggerhead_Shrike
na7qzv30dyf3xxqq,135.Bank_Swallow
nasdhjg1s5izvt6w,177.Prothonotary_Warbler
nauya80klr883dps,120.Fox_Sparrow
nb7smywdezvq01xf,001.Black_footed_Albatross
nbfusy78exfsfv9m,030.Fish_Crow
ndkrn7qqdvuqn678,155.Warbling_Vireo
ndlnsk6vsj5bh1xb,014.Indigo_Bunting
ndm5kjsqkh0t1mi4,051.Horned_Grebe
ndqf4dmdqafkval7,033.Yellow_billed_Cuckoo
ne7rr7u18neuuquk,152.Blue_headed_Vireo
ne871npbq2mg23za,179.Tennessee_Warbler
nedkgm0tjdm8ugmd,114.Black_throated_Sparrow
negza215w6rlt44i,001.Black_footed_Albatross
ngp8fhdu4g0v4949,117.Clay_colored_Sparrow
ngqc92rk1hicd92c,085.Horned_Lark
ngypbiaw691ofkzh,146.Forsters_Tern
nh1q8bgihhq8gla3,023.Brandt_Cormorant
nh95peidy2dqtq1z,019.Gray_Catbird
nhqchy6ngtniwrnc,045.Northern_Fulmar
ni2mrx0qbsxa91ev,020.Yellow_breasted_Chat
nim37an27rmuttv1,028.Brown_Creeper
nin15wnpvysy91x0,186.Cedar_Waxwing
njpu13vauro5ym3z,048.European_Goldfinch
nk8j65uefzd31shx,171.Myrtle_Warbler
nkh294w4anp40tlc,171.Myrtle_Warbler
nlo88dteszms1d4e,147.Least_Tern
nma0w91wm77mkqcu,090.Red_breasted_Merganser
no12lejdlpb4232y,028.Brown_Creeper
noplj2yra9jrlcyh,066.Western_Gull
noyhx0y1vnn2jp09,030.Fish_Crow
np5f1zra5n4fitc2,195.Carolina_Wren
nregcj6dql9lztx1,017.Cardinal
nsetmoysw9fcu1un,127.Savannah_Sparrow
nt26tpmwnewp4xcz,200.Common_Yellowthroat
nto8xgq2k6vcg5tl,149.Brown_Thrasher
nugdded67y25y22u,040.Olive_sided_Flycatcher
nuqqthkl69b67gsg,016.Painted_Bunting
nv4gbk5ehshm5scy,140.Summer_Tanager
nwpl580dg91zmvko,074.Florida_Jay
nx3o5u5ean0w7ck1,086.Pacific_Loon
nzatfw9i3ev6775t,089.Hooded_Merganser
nzovf0insum1bdm9,072.Pomarine_Jaeger
nzup1olbys016lxn,099.Ovenbird
o0m74in3nr2t1e7z,096.Hooded_Oriole
o1qfvzf4e6nevyfy,097.Orchard_Oriole
o41n8xbsrwn8wwli,110.Geococcyx
o4uft9hwk0dzivh9,065.Slaty_backed_Gull
o4v4pnaz79x6a01g,187.American_Three_toed_Woodpecker
o4wdrt1o552mjm7c,140.Summer_Tanager
o4yzt60t35tvywne,136.Barn_Swallow
o5qcmuffn4yfpez7,066.Western_Gull
o6317peh59kgacsc,182.Yellow_Warbler
o7435mpvrm1503qs,149.Brown_Thrasher
o79ee0a7p1tyz7uh,188.Pileated_Woodpecker
o7fcb3oogwzlm6u9,094.White_breasted_Nuthatch
o7uy20g2iwdf6s4l,064.Ring_billed_Gull
o8baycek2nlp3tvl,136.Barn_Swallow
o8pykqm04xo3mtcx,003.Sooty_Albatross
oa4t9js3hk8b8akb,081.Pied_Kingfisher
ocur0doz5fmzjq53,081.Pied_Kingfisher
odmf6g2cp0nzawk2,159.Black_and_white_Warbler
odoodoclx40uxoky,123.Henslow_Sparrow
odqni80sxhny1opr,142.Black_Tern
oetqlh00n1dm2y4k,091.Mockingbird
ohek9cdsqpldqfoz,030.Fish_Crow
oiz7ph70b5px44yy,057.Rose_breasted_Grosbeak
oj2gx9zsft2ks6ql,116.Chipping_Sparrow
oj2wppah2ynax3pr,171.Myrtle_Warbler
olgrgqjm78o2jirv,117.Clay_colored_Sparrow
olvoiyo2xpz31re4,162.Canada_Warbler
omgq5i4bqpb6m236,051.Horned_Grebe
ontc41pi5yk819i7,109.American_Redstart
ooadtliprh5bf3os,109.American_Redstart
ooglrhbsvprs8156,086.Pacific_Loon
oq49lkcuwe2jjxsf,113.Baird_Sparrow
oqo77j6ckng8s18w,060.Glaucous_winged_Gull
osr24wgseh82f9pb,125.Lincoln_Sparrow
ossfv812rip59njj,054.Blue_Grosbeak
otl8duzb4kmzdlsx,188.Pileated_Woodpecker
otmpikcxy4bkg2hq,045.Northern_Fulmar
ou18qk8anpgn13u5,080.Green_Kingfisher
oumj84sk8n3bp573,148.Green_tailed_Towhee
ouqczxwu4cs91at3,124.Le_Conte_Sparrow
out6dh3ajdrrav3m,158.Bay_breasted_Warbler
ov4mlts340udbd4s,067.Anna_Hummingbird
ovctl32ta70eem30,041.Scissor_tailed_Flycatcher
ovlo48ytssizs6zc,007.Parakeet_Auklet
ovotuwfsmpqrt91s,079.Belted_Kingfisher
ovyjcaejy0bh4a7t,121.Grasshopper_Sparrow
oweyyacpozd7p6x3,123.Henslow_Sparrow
owicc315q5yroc1n,026.Bronzed_Cowbird
oxkgaq2zwldx9mta,022.Chuck_will_Widow
oymey4vhbxed97px,164.Cerulean_Warbler
p04c2xae19z1o47s,019.Gray_Catbird
p0zcllmtz7hx0w0s,188.Pileated_Woodpecker
p2dss7l2xv8ygbs6,181.Worm_eating_Warbler
p2rzbvpsgia6cm53,152.Blue_headed_Vireo
p2ujxbjrg11n4e6k,167.Hooded_Warbler
p411inoo2bz0a390,041.Scissor_tailed_Flycatcher
p4d8bsjm9revm0ry,119.Field_Sparrow
p4tx9m7uy9vwe39w,088.Western_Meadowlark
p57q3t32xmzidzlw,165.Chestnut_sided_Warbler
p5om3uqafgisdxkp,093.Clark_Nutcracker
p6wbqld7bmjylb8u,082.Ringed_Kingfisher
p7ek5s8yamuxt411,185.Bohemian_Waxwing
p7qg1mzwihw9eg2v,097.Orchard_Oriole
p9xmrf0qw371x1tx,141.Artic_Tern
pa2t7mke0jumgq89,046.Gadwall
pahk1kiknb5ipmjj,184.Louisiana_Waterthrush
paowysqasjycl9up,057.Rose_breasted_Grosbeak
pbobxodu7z82w9pd,153.Philadelphia_Vireo
peb62mijm38kb70e,199.Winter_Wren
pedlzgmnw2jrf602,173.Orange_crowned_Warbler
pehu38o7uvkpxz5d,186.Cedar_Waxwing
pfrj1fgef3mwcfo8,113.Baird_Sparrow
pg6e4dc6x5hm3vwj,120.Fox_Sparrow
pgk1wmuc0iy14nx9,198.Rock_Wren
pgvodj9be1fx5g8p,037.Acadian_Flycatcher
phv4v8z7dhwigwuj,179.Tennessee_Warbler
pjdl4h9ijxr6fs6n,170.Mourning_Warbler
pjwjcdufipxwp8nv,042.Vermilion_Flycatcher
pkde761ofooyspkp,159.Black_and_white_Warbler
pkiz46si9yx2w7ak,095.Baltimore_Oriole
pkn9xauqbb8vl2zr,151.Black_capped_Vireo
pl9oqrm6lrnd5irm,187.American_Three_toed_Woodpecker
pmk04xzvzr2vbg2m,150.Sage_Thrasher
pmldz9ta5qvmuq6x,095.Baltimore_Oriole
pn8wt20abbnmvsec,158.Bay_breasted_Warbler
po8w8dgw7oddwh5a,082.Ringed_Kingfisher
pomdicc2zy0zm9ha,077.Tropical_Kingbird
pp21tyzvuutqahms,156.White_eyed_Vireo
ppwozugtzpsshyez,103.Sayornis
pqdmre4e0mpbmjj4,160.Black_throated_Blue_Warbler
pqxn757mtdh5vcbd,078.Gray_Kingbird
pr1nkkuttk4p9zlx,064.Ring_billed_Gull
ps2tkbqkek8r7rgn,042.Vermilion_Flycatcher
psnm30vgzbzq9kfz,042.Vermilion_Flycatcher
ptd6zbowpfmvwwdg,030.Fish_Crow
ptgkmq100rwf4qn0,166.Golden_winged_Warbler
ptt2pdde58xzqd9f,169.Magnolia_Warbler
pu5mlgjup6elrqmi,097.Orchard_Oriole
pu5nidaawoo9puyf,182.Yellow_Warbler
pu7x4rfg8jwp7nzo,128.Seaside_Sparrow
puvyo23yjo9o3ncf,200.Common_Yellowthroat
pv5lxqr1wpa48mew,066.Western_Gull
pw93deg7on40dl57,118.House_Sparrow
pwj7d54py7bb5k7c,042.Vermilion_Flycatcher
pwkxb9e4lz9p7wzq,053.Western_Grebe
pxjnldf05ee1x9br,071.Long_tailed_Jaeger
pyfbbrt5698lphpl,091.Mockingbird
pz6t2o711r4va4tb,106.Horned_Puffin
pzlbepvsgsbivcyo,127.Savannah_Sparrow
pzs4wlpw4qz5ygn3,044.Frigatebird
q0guwuaccd9zsyv7,132.White_crowned_Sparrow
q2f2yxsg1icfnjt1,111.Loggerhead_Shrike
q32idjmdw06tikg4,191.Red_headed_Woodpecker
q39qaa8gjmo4lpeg,043.Yellow_bellied_Flycatcher
q3c6f76mlp5utcuo,078.Gray_Kingbird
q3gydzkz0do4jct7,014.Indigo_Bunting
q5b4qxz48dj0q831,063.Ivory_Gull
q5ds9zpsyd4soht7,053.Western_Grebe
q5hm6gcy8xfsgxfh,080.Green_Kingfisher
q63e4kenzeusi6oe,169.Magnolia_Warbler
q7s59ynxacrfc4ur,187.American_Three_toed_Woodpecker
q8pi56fx9614i4ac,192.Downy_Woodpecker
q8rr5z0v5g3rtw12,068.Ruby_throated_Hummingbird
q8z3pobn6t55urhp,058.Pigeon_Guillemot
q9h6lph3m08tcy25,164.Cerulean_Warbler
qa4vng3jzo5hrvqd,052.Pied_billed_Grebe
qabxc65c2mmxummz,086.Pacific_Loon
qbahez5yeb3qfmpc,146.Forsters_Tern
qblgqjhr7kvj3y5e,039.Least_Flycatcher
qc9juny1lwc41jea,027.Shiny_Cowbird
qd0ktveovhnfuhtd,135.Bank_Swallow
qd83ou5l7bpabnhh,082.Ringed_Kingfisher
qdgjp8lt2ag5k67v,018.Spotted_Catbird
qdph3hjt0cywstm2,017.Cardinal
qe68li4i66ezkbo9,129.Song_Sparrow
qelmnvy8w4nlzrsa,157.Yellow_throated_Vireo
qer33m6udf18goy9,193.Bewick_Wren
qezpdg0hs8ht63o8,014.Indigo_Bunting
qfsszmxpzuloqqy6,082.Ringed_Kingfisher
qghe7xvk3h7gci81,163.Cape_May_Warbler
qgmhy84czc2re3ki,158.Bay_breasted_Warbler
qgwn1pzhfwn45r2i,105.Whip_poor_Will
qh1h5pdwk2ecy959,173.Orange_crowned_Warbler
qiaztf6u69i4tws6,062.Herring_Gull
qip1qa9l17jbwzrg,073.Blue_Jay
qjeqybk5pokhhwg9,081.Pied_Kingfisher
qk1zm5mju14t3phx,085.Horned_Lark
qkv9minp8y1c5i3v,069.Rufous_Hummingbird
qkw1mnzz7dwj2pc3,136.Barn_Swallow
qniocvb8lvxgtfbo,182.Yellow_Warbler
qo7wmwoqvwmo5tca,141.Artic_Tern
qrecbhig93pj80rn,101.White_Pelican
qtfq2tlsqsyu9561,130.Tree_Sparrow
qustz18b1zr0hh4i,150.Sage_Thrasher
qwvnto10gk1aohso,071.Long_tailed_Jaeger
qwxcrhet2ezyjtn7,063.Ivory_Gull
qz419qb67jvfym10,006.Least_Auklet
qz65elbh7yy0f64d,174.Palm_Warbler
qzk6lqibsom4cv1c,029.American_Crow
r1jjldw6hmk6nhbo,142.Black_Tern
r5380q42ezxs14te,157.Yellow_throated_Vireo
r5gmbf42uxtkmxoe,176.Prairie_Warbler
r6ay51ncalzbd8z2,158.Bay_breasted_Warbler
r6rey45iqznmhlv4,088.Western_Meadowlark
r764dqe3td8r1oc8,173.Orange_crowned_Warbler
r7ekazz4w6tgv5hc,083.White_breasted_Kingfisher
r7pq2pglz2jqxy1b,055.Evening_Grosbeak
r86cg60mo2w3lql2,154.Red_eyed_Vireo
r9sabldntgnpuj10,007.Parakeet_Auklet
ra135skq5u5c1rvo,031.Black_billed_Cuckoo
ra6tw9z8hnp39q6d,051.Horned_Grebe
rcosv924at8vlhf5,100.Brown_Pelican
rd1xln5e5h59jly9,103.Sayornis
rdyqz64i8fvt0dgh,187.American_Three_toed_Woodpecker
rela40mpipsho644,072.Pomarine_Jaeger
remq2so7amjme3ai,032.Mangrove_Cuckoo
renprzb3fr1cazvg,094.White_breasted_Nuthatch
rg4v7cwit4wgpa66,194.Cactus_Wren
rg58ankyrsdym77t,190.Red_cockaded_Woodpecker
rgfz3wwge2pqqacn,091.Mockingbird
rhjhjfvx7i71urev,157.Yellow_throated_Vireo
rhk2awpnyzv3xk0h,189.Red_bellied_Woodpecker
rhnoq2g5uool4j5l,103.Sayornis
rjkssfmoy5c5dcfk,002.Laysan_Albatross
rjl95ou401b97iza,111.Loggerhead_Shrike
rkb65l1cngqsjyi5,197.Marsh_Wren
rls8p6u3v761bfi2,053.Western_Grebe
rlwqfkn7g23xnmck,033.Yellow_billed_Cuckoo
rm7dtgb86jqbv2f5,012.Yellow_headed_Blackbird
rmysdr143alkwthl,041.Scissor_tailed_Flycatcher
rn7ico2uspf7uyi6,050.Eared_Grebe
rnjg9jasiotkx1ed,146.Forsters_Tern
rnxe0l2yhwt2ymwh,188.Pileated_Woodpecker
rnyirv3v36z7oi5f,121.Grasshopper_Sparrow
rop4jmvybf6puku5,158.Bay_breasted_Warbler
rp3dzxf9qk8fcux1,118.House_Sparrow
rq3wlrjlz8kuhnxi,191.Red_headed_Woodpecker
rq5fu5i6oep5er5k,044.Frigatebird
rqfclpdwo2zws5l6,010.Red_winged_Blackbird
rqr39k8r287bkgp0,078.Gray_Kingbird
rqzt896vh2v491hl,071.Long_tailed_Jaeger
rri1t67iirswuhfl,172.Nashville_Warbler
rs2dmkk17j87awm5,111.Loggerhead_Shrike
rtxiog45tlfwzefz,063.Ivory_Gull
rtzzfet44q6kbnwv,159.Black_and_white_Warbler
rujgvwwx2lpe1xw3,084.Red_legged_Kittiwake
rxcmimh1gv5t5hln,177.Prothonotary_Warbler
ryt5u3c6qosupfaf,147.Least_Tern
rzw1r13vnzq5vus2,086.Pacific_Loon
s0jjbtfemukxq6lp,110.Geococcyx
s13s8lg3y8zf9ja5,049.Boat_tailed_Grackle
s1xh143kqdn0d6kv,006.Least_Auklet
s2qaknoie2amry1i,127.Savannah_Sparrow
s3isphjj7kf21etr,169.Magnolia_Warbler
s3vm4srvjjldhv0t,075.Green_Jay
s4gywm145y4x8die,033.Yellow_billed_Cuckoo
s508bdtxympph1uq,067.Anna_Hummingbird
s59svi0sm0k3cxks,036.Northern_Flicker
s5l8xvmmw5vsd2sp,153.Philadelphia_Vireo
s7t4h3wqygmc027g,057.Rose_breasted_Grosbeak
s7z25humjoattpf9,039.Least_Flycatcher
s8hk3aasmmnpbe5z,030.Fish_Crow
sbcqkosj0hmwxao9,090.Red_breasted_Merganser
sc0i60uk5dj1aiac,200.Common_Yellowthroat
sde6hbrb7xfymz5j,083.White_breasted_Kingfisher
sdes3fi25aljchfy,042.Vermilion_Flycatcher
sdimuww7grdg8vtp,140.Summer_Tanager
sebtus5figr6t3ur,152.Blue_headed_Vireo
sf2ijownhis6u14l,038.Great_Crested_Flycatcher
sfbp7e2sv7svktwj,091.Mockingbird
sfwibr1tzdyw8x1c,142.Black_Tern
sgae8ak2svzk6mby,098.Scott_Oriole
sgaeumobodbuk4uw,149.Brown_Thrasher
sh5tvuep68tzp3d4,174.Palm_Warbler
sigk2bslckyljx01,122.Harris_Sparrow
silakyc6n2j8rnn1,007.Parakeet_Auklet
sirknfzti8u5lge7,032.Mangrove_Cuckoo
sjnzn9gelewrgyn3,137.Cliff_Swallow
sjolib6wkuo2spal,105.Whip_poor_Will
sk5u6bx8pjopnkoz,068.Ruby_throated_Hummingbird
skubnadkctprcgey,071.Long_tailed_Jaeger
skuu708g44k7hx8d,123.Henslow_Sparrow
sm7je5dz52hx548z,172.Nashville_Warbler
smjrh3sne00j53j1,044.Frigatebird
soxk8qtrexjce71m,113.Baird_Sparrow
spde30v396c57o0o,186.Cedar_Waxwing
spgb0tzwj7fdqn86,174.Palm_Warbler
spq8b53svgptc2ou,153.Philadelphia_Vireo
sqa15mq6znfkqjrd,148.Green_tailed_Towhee
srcab8wwt0gggvsl,166.Golden_winged_Warbler
srix12vb2fxln7j0,077.Tropical_Kingbird
srqpglxu1gk1ldkm,078.Gray_Kingbird
sru1ncpxndmsarqd,087.Mallard
ss1u6p3l2iaj6s8e,159.Black_and_white_Warbler
ssod7yb60trp8kqn,156.White_eyed_Vireo
ssv3y8xojudrbff4,136.Barn_Swallow
stebnfx449ap7ja0,106.Horned_Puffin
stx67aysun6lyq6k,024.Red_faced_Cormorant
supits08c3p6rpgm,136.Barn_Swallow
svcmcmfw2wzf54fk,058.Pigeon_Guillemot
svh3c9ppginshmxd,171.Myrtle_Warbler
svlblcacfomppqr5,095.Baltimore_Oriole
swu7nrfq6g2kycdy,060.Glaucous_winged_Gull
sxlg3ki21kypi8xs,060.Glaucous_winged_Gull
sype1jbw4bm5w42w,115.Brewer_Sparrow
szdkat3lv8730npk,035.Purple_Finch
szf98oe8a72ebkzj,036.Northern_Flicker
szs9usofk5tinsdx,054.Blue_Grosbeak
t133rwtdfjc5tlh9,147.Least_Tern
t279v6io2x9p32kc,082.Ringed_Kingfisher
t2l1tre030843hax,088.Western_Meadowlark
t2nwtrn6mp8fxozj,026.Bronzed_Cowbird
t2yctgme5izm1la3,029.American_Crow
t38s6ija1c5jco0o,110.Geococcyx
t4ax57c705nt6zmi,132.White_crowned_Sparrow
t4m96941w9e453ul,023.Brandt_Cormorant
t67xqeh9fyzuek5j,137.Cliff_Swallow
t6plazanj43ruqvs,049.Boat_tailed_Grackle
ta3779yiicroizm4,023.Brandt_Cormorant
tb6868gbj1s8gt89,035.Purple_Finch
tbbm83dhphm4rg8v,015.Lazuli_Bunting
tbn098ybbyxs2it2,186.Cedar_Waxwing
tc54rgmv7b3oeppg,164.Cerulean_Warbler
tc68qgy2rxvzytan,199.Winter_Wren
tceb0somooe4ux4b,002.Laysan_Albatross
tdrjrkcr2xghfc9i,027.Shiny_Cowbird
tdv16e557t3yvo36,077.Tropical_Kingbird
te54laik3i5peb5e,145.Elegant_Tern
teiajjzisbhh3l09,103.Sayornis
teu8bhbwco3yki0e,058.Pigeon_Guillemot
tezhr09i2nj462bj,157.Yellow_throated_Vireo
tfyfox0o8s5blex6,095.Baltimore_Oriole
tg0vkz32m6elnyxa,087.Mallard
tgk8hxuobevfiefo,151.Black_capped_Vireo
tgth5iy9bv1c2ebj,180.Wilson_Warbler
thfjftfdm6shhpbq,022.Chuck_will_Widow
thnfeamkltz86vvs,005.Crested_Auklet
tiu013iqodx2kg36,025.Pelagic_Cormorant
tjssu0bwjytr001k,131.Vesper_Sparrow
tkgwe6ozalboo66n,142.Black_Tern
tkrxrztti5cat3i9,033.Yellow_billed_Cuckoo
tloi2iq0vge9cnre,001.Black_footed_Albatross
tmitqayvalmydif2,153.Philadelphia_Vireo
tnk64hvs087fhy1k,101.White_Pelican
to5wfj6wgzst6ijg,197.Marsh_Wren
tp4c6zyke1mk5fro,098.Scott_Oriole
tq5y7pl3f2pijayw,020.Yellow_breasted_Chat
tq6ni497qku4s5h2,016.Painted_Bunting
tqbreebii1tbzd4u,199.Winter_Wren
tqqylm8j6okkeybd,104.American_Pipit
tr92zxin7873twew,015.Lazuli_Bunting
trja06auc9idjlk5,106.Horned_Puffin
tsgtwdb515fpo9t5,187.American_Three_toed_Woodpecker
tsnha8ljmqdah9cx,013.Bobolink
ttal2611splvv4cc,072.Pomarine_Jaeger
tu8uggo4v27chgxo,113.Baird_Sparrow
tuwrxm4gen5i5r9i,049.Boat_tailed_Grackle
tv0x7qwqzjgkqirz,079.Belted_Kingfisher
tv65ltdxav90a0x1,144.Common_Tern
tvaa0lfwnudkjcw4,027.Shiny_Cowbird
tw837voaggh977jn,081.Pied_Kingfisher
tx5425sa80ml0fxr,102.Western_Wood_Pewee
tx7ou506xwbdg2jd,149.Brown_Thrasher
txw4iv4o8fig2xkx,011.Rusty_Blackbird
tyg70cx4a7tta6rs,103.Sayornis
tytye1ro8icrwt58,122.Harris_Sparrow
u13wtaaxcxd0x26b,197.Marsh_Wren
u233360pbc9k0r1x,007.Parakeet_Auklet
u2k3w84i4gs77fzr,178.Swainson_Warbler
u326fgd66leniedo,080.Green_Kingfisher
u3e79vs3tgswx5pk,108.White_necked_Raven
u427sgjdgkiqx57h,172.Nashville_Warbler
u5e0h1vccmo9kch4,006.Least_Auklet
u64vzyal6mmrx67a,069.Rufous_Hummingbird
u82gsxlfvmryk8r4,006.Least_Auklet
u9hsaz3di5zqc141,031.Black_billed_Cuckoo
u9m1h49fc3tlznog,053.Western_Grebe
u9pbmh2hdb34bjqz,154.Red_eyed_Vireo
ua0yj4yauuktrkwu,106.Horned_Puffin
uahmgmoql1gqd9f4,038.Great_Crested_Flycatcher
uaw63lzkcxxsgvdj,047.American_Goldfinch
ub20kiwtaf36tax3,184.Louisiana_Waterthrush
ub67hi3694y3l3ux,073.Blue_Jay
uctd497hp31v21ar,186.Cedar_Waxwing
udgcojqkho9qokfz,182.Yellow_Warbler
udquya13ff1pbjso,005.Crested_Auklet
uf9bq4w50cgkfodz,020.Yellow_breasted_Chat
ugbmfd1gtnqezgvq,137.Cliff_Swallow
uh4rvtohq4pu9zgo,088.Western_Meadowlark
uj7cl57ibk9blh0w,046.Gadwall
ujaexe96343heckg,118.House_Sparrow
uklpmc9ohj64ylqf,161.Blue_winged_Warbler
ul8n8jmmy6osll77,042.Vermilion_Flycatcher
ulk1jgnmfvt7xk4t,194.Cactus_Wren
umnn6f5a9wsp1gxu,121.Grasshopper_Sparrow
un6trv4g050ehegf,104.American_Pipit
un8zhwj362uqli2i,188.Pileated_Woodpecker
unuybyv5gdpwi5ik,090.Red_breasted_Merganser
uofkinrvtenhxlnf,157.Yellow_throated_Vireo
uoin43b0dwyaour8,068.Ruby_throated_Hummingbird
uphrbd7nh3czse9w,083.White_breasted_Kingfisher
upm5aeja4qadg6hq,039.Least_Flycatcher
ur0p4gtrooepfu5t,189.Red_bellied_Woodpecker
ur7a6ttddn9spip4,096.Hooded_Oriole
urg8pd000v0nzbin,133.White_throated_Sparrow
urmbzaevityey9f7,172.Nashville_Warbler
us13g8f6xujuzw09,013.Bobolink
usjq4ihwhm7ip9xh,061.Heermann_Gull
usmncxje60rjzlue,019.Gray_Catbird
usqrvk7tau21l68p,180.Wilson_Warbler
ut19bcg0xv5du0rn,112.Great_Grey_Shrike
ut7c1caup77u8gw6,159.Black_and_white_Warbler
utj74rtp3355u598,071.Long_tailed_Jaeger
uyfl99jp9gntkvde,116.Chipping_Sparrow
uyojn5tyzd3w0k6s,030.Fish_Crow
uzdfpwn0qxzq8mrt,004.Groove_billed_Ani
v0l7hhon5v2qbws2,108.White_necked_Raven
v0ukabuhev5g1bvx,082.Ringed_Kingfisher
v1kso6xtgejetlcq,003.Sooty_Albatross
v3af0hydzo4k6144,121.Grasshopper_Sparrow
v3jg5ch64twv5yvj,108.White_necked_Raven
v42ajkus063p4uw3,198.Rock_Wren
v4phbhneht7c4hob,138.Tree_Swallow
v4wh0z3mmh5jwoeg,164.Cerulean_Warbler
v4xqcc54tg3buiux,081.Pied_Kingfisher
v623q5ncbfyat038,009.Brewer_Blackbird
v6u6s5mmlhjl0d4h,046.Gadwall
v76owm63p6iw8sxx,076.Dark_eyed_Junco
v846r93k30p90ko1,110.Geococcyx
v94rczmju89ntqcw,097.Orchard_Oriole
va48qjjskk8x8lnz,161.Blue_winged_Warbler
vabbauj117c1ib8w,183.Northern_Waterthrush
vanrmzx4i03w39yd,188.Pileated_Woodpecker
vb290j207c9cbcrs,110.Geococcyx
vb2jj6nwha6r8zz8,066.Western_Gull
vbegy8f8bhz6hf9d,009.Brewer_Blackbird
vc0jqn2dfhg4ufv4,012.Yellow_headed_Blackbird
vcuu6h19m8nq3sa4,174.Palm_Warbler
vdszde8rt2gx9xn5,107.Common_Raven
ve28mjmo9zewm2bz,037.Acadian_Flycatcher
vexczxpvqtno4qmb,032.Mangrove_Cuckoo
vgco591hyia3lxd1,128.Seaside_Sparrow
vh7gnvotk3woxaqa,008.Rhinoceros_Auklet
vhfaxnr1rp2k2o1e,083.White_breasted_Kingfisher
vhsbciqenpbxh3k0,037.Acadian_Flycatcher
vi2ov0vimwwfsp6a,113.Baird_Sparrow
vi8pi4qvqlnict69,041.Scissor_tailed_Flycatcher
vjnszcqtf4yvgzdw,198.Rock_Wren
vk95yul8uvl4aw9g,132.White_crowned_Sparrow
vkepk1tdnbjungp1,169.Magnolia_Warbler
vl6aeqku63fixibc,159.Black_and_white_Warbler
vlch2h27g0a8ufvg,143.Caspian_Tern
vnqkcpgme84rs5ts,030.Fish_Crow
vnxjvdtrse9h50et,133.White_throated_Sparrow
vnyy4hk8rebqvoy4,099.Ovenbird
voc64hatl34nkbwh,052.Pied_billed_Grebe
vppn1mbaemiyv5sx,044.Frigatebird
vppt5yqf561jh57k,091.Mockingbird
vq1kov9ved3qi74j,037.Acadian_Flycatcher
vq6ak7ztmgr87gwb,135.Bank_Swallow
vraz7bpnkorq8ick,064.Ring_billed_Gull
vrjr96681dinlrey,052.Pied_billed_Grebe
vsgl9ny8lh9p73nc,093.Clark_Nutcracker
vsjjt3h5suwyly6s,199.Winter_Wren
vtvxga2bkjmvlx3o,017.Cardinal
vvvfxjkp6w0zliq4,112.Great_Grey_Shrike
vwxzcf5jm8zypuu4,068.Ruby_throated_Hummingbird
vxbte3te2vrq4tip,121.Grasshopper_Sparrow
vznba5fese5qba7u,197.Marsh_Wren
w0an055n9j5i3v7s,100.Brown_Pelican
w0q1u59509dovskr,200.Common_Yellowthroat
w16dtf400494tnyv,026.Bronzed_Cowbird
w1g4zsjluszogzxn,096.Hooded_Oriole
w1x1ltwghxhq7g0k,103.Sayornis
w31r0t0204hurnvu,150.Sage_Thrasher
w4f8gagcp1byl0h5,007.Parakeet_Auklet
w4u2qkjg480hkfkk,045.Northern_Fulmar
w51yhcemha5s5j25,113.Baird_Sparrow
w5f3ttxxdgtkqe2n,124.Le_Conte_Sparrow
w5qozfo5x96uoptu,040.Olive_sided_Flycatcher
w5u7kb1pt9onfk5q,165.Chestnut_sided_Warbler
w689vlw7nttlmv7i,021.Eastern_Towhee
w6klkl5m2e4aunmr,046.Gadwall
w6qj6hfms2l906uq,086.Pacific_Loon
w7p66ub1fdjs7d07,034.Gray_crowned_Rosy_Finch
w7x7a81s0xqzpeum,071.Long_tailed_Jaeger
w88bu48sv6g6p0hc,162.Canada_Warbler
w8fj626susbvdefx,040.Olive_sided_Flycatcher
w8gqwkfjv2rs4v1g,157.Yellow_throated_Vireo
w94ykg9o5nynoj5x,148.Green_tailed_Towhee
w9acnf7zvudyfm9e,130.Tree_Sparrow
waidvx0rpkmhtms9,071.Long_tailed_Jaeger
waqn5olzw0uk3e1q,152.Blue_headed_Vireo
warqkut9iaffgsq1,148.Green_tailed_Towhee
wb3tun376xc2s792,182.Yellow_Warbler
wb5gx77avqyndlio,179.Tennessee_Warbler
wbwn8oegggxshaib,030.Fish_Crow
wc7rzugazsa0z730,112.Great_Grey_Shrike
wca8gpyf19docjyp,045.Northern_Fulmar
wgi1dmejws1j4zm9,147.Least_Tern
whnl3hy4celq2xng,178.Swainson_Warbler
wi5kndn31tuncwb2,127.Savannah_Sparrow
wi889p3v4926408e,011.Rusty_Blackbird
wiamo5c6aq7n1dbg,101.White_Pelican
wkc740l9g8x2gf5m,055.Evening_Grosbeak
wksdyvi3d2f8xikn,125.Lincoln_Sparrow
wkukab4nadaj4xbp,049.Boat_tailed_Grackle
wl9qtpzx344wp5nw,162.Canada_Warbler
wma96zg9t7ctbpaw,125.Lincoln_Sparrow
wnwst6gzwm6mm1fx,039.Least_Flycatcher
woj6hvbzylk9u31v,185.Bohemian_Waxwing
wplxmvpwsk93xnav,100.Brown_Pelican
wq8a1wlarig17wtr,189.Red_bellied_Woodpecker
wqnrazaenhu8jzu2,097.Orchard_Oriole
wre40ihsrsdvz4b5,039.Least_Flycatcher
wsmmfw4vr2mks9k6,032.Mangrove_Cuckoo
wt7trvrbty85mbfu,088.Western_Meadowlark
wt9smo8wkll60hyv,150.Sage_Thrasher
wtpy7fexuggb9d7n,055.Evening_Grosbeak
wu34p0mmt18zcp58,019.Gray_Catbird
wu9fbjdl7ezxxvb3,151.Black_capped_Vireo
wulac075nz52y2xz,092.Nighthawk
wutrlj35o8nd8lqr,138.Tree_Swallow
wveppy6jgohy3cqb,161.Blue_winged_Warbler
wvtiagp3q1vfbri8,076.Dark_eyed_Junco
wwiq38btt1858x6v,110.Geococcyx
wynoh1ft71rq2wuw,196.House_Wren
x00hd0ypwq5pb2dp,021.Eastern_Towhee
x0y588h6copxna0x,084.Red_legged_Kittiwake
x16okh89hc3vmupu,107.Common_Raven
x3474u9zk87h1x6u,124.Le_Conte_Sparrow
x4k1l2pxh2wrvktt,060.Glaucous_winged_Gull
x5cssz1tqlso5yq5,079.Belted_Kingfisher
x5l4wypxm9y07g68,126.Nelson_Sharp_tailed_Sparrow
x5p4a4qawtghkr8l,091.Mockingbird
x6pxp3deh8x9kmz9,097.Orchard_Oriole
x6z18je5ucvue5rl,115.Brewer_Sparrow
x77ok48ozltr8n4y,131.Vesper_Sparrow
x7dpm9d95paty4tx,168.Kentucky_Warbler
x8rk9argsby66grd,139.Scarlet_Tanager
x8s52lej030brtia,059.California_Gull
x924n988swsejkfo,161.Blue_winged_Warbler
x9chaq25s0ge30re,116.Chipping_Sparrow
x9k2wlo98cr2n8vn,195.Carolina_Wren
x9sw3hnbsuiba42z,180.Wilson_Warbler
xbquqdplk9pkeb3k,004.Groove_billed_Ani
xdke8fwjngflu2wb,050.Eared_Grebe
xepknlna74e8bnyk,200.Common_Yellowthroat
xezwe9cifwxc1he1,174.Palm_Warbler
xflzsvfhxywu7f1z,035.Purple_Finch
xg5kostmg01il3y4,161.Blue_winged_Warbler
xg5o6cn5kel3gw7i,081.Pied_Kingfisher
xj3fnp24pbcippvt,073.Blue_Jay
xjcfukj8aw07v04t,157.Yellow_throated_Vireo
xjmky8t7ljjmsjox,079.Belted_Kingfisher
xmjzopl5xs1o8c0c,145.Elegant_Tern
xnfa6t1tymmkzmvn,067.Anna_Hummingbird
xoj8cvf46furyic5,061.Heermann_Gull
xpk6wdm74qd5glcs,127.Savannah_Sparrow
xpsyeunwlrz2u93o,102.Western_Wood_Pewee
xq1nuossseufn1mq,127.Savannah_Sparrow
xq3k6sjcf4juw6df,047.American_Goldfinch
xq4b9tg093xenpi7,073.Blue_Jay
xqvcc38cbdvi26pf,100.Brown_Pelican
xr72zf0kc3z5n1rr,101.White_Pelican
xrf76ddyvrsxyhwb,160.Black_throated_Blue_Warbler
xrzzi5x5q5qy5br9,066.Western_Gull
xsl27qany7lsyhch,183.Northern_Waterthrush
xtcrsuyoovlqn2e8,122.Harris_Sparrow
xthhpoeevmhvlg2a,072.Pomarine_Jaeger
xtn0ii1jd1jxza1f,013.Bobolink
xtsqxalv7vhgffxi,162.Canada_Warbler
xvb0s8o6as9tg2q5,010.Red_winged_Blackbird
xvuj4rfucrtnuoth,036.Northern_Flicker
xwr8px1srf8muohm,107.Common_Raven
xwufvwdab7b8i48o,054.Blue_Grosbeak
xwy70gdetuqv2k70,050.Eared_Grebe
xxtfhw6xifo2x0zn,030.Fish_Crow
xy289ytub6jo2cdm,069.Rufous_Hummingbird
xyct2t4szird411f,143.Caspian_Tern
xym4uoq9pthfn7hk,113.Baird_Sparrow
xz6kn6qvsz6w3yam,015.Lazuli_Bunting
xzov1mbxd2djyzge,149.Brown_Thrasher
xzqkfio1tka3drxw,140.Summer_Tanager
y0kbf1tedd70mrbb,051.Horned_Grebe
y1qp1fpyi86jme72,128.Seaside_Sparrow
y2ly4l63frfo7mla,116.Chipping_Sparrow
y2xqh188zcm9uumk,089.Hooded_Merganser
y4ayr4u1batt2v6c,035.Purple_Finch
y4az8ac1r9hi1une,134.Cape_Glossy_Starling
y4gno8wojgdies0k,186.Cedar_Waxwing
y53ust4s06s0edr5,129.Song_Sparrow
y83cmizascevnff8,079.Belted_Kingfisher
yabhrmj15fmd3flt,032.Mangrove_Cuckoo
yak5y32ysdqcs85w,075.Green_Jay
yb6m04iyj2dztltm,120.Fox_Sparrow
yb8hlcl0gngzo7hb,134.Cape_Glossy_Starling
ybfgi45uvglihgsy,154.Red_eyed_Vireo
yd5wg197uyv8n82s,144.Common_Tern
ydbxyx079ha3bp8b,161.Blue_winged_Warbler
yde983dl4u3c7vad,037.Acadian_Flycatcher
ydj5at9ey4uck2be,067.Anna_Hummingbird
ye9gwqzxrpab2ht0,173.Orange_crowned_Warbler
yecs4m7uhxp8r5c5,117.Clay_colored_Sparrow
yevknfkucodsmf73,134.Cape_Glossy_Starling
yfgdxxqindmfrc5h,119.Field_Sparrow
ygrqnbji6xjno3va,095.Baltimore_Oriole
yjp2t7dia0a807rs,040.Olive_sided_Flycatcher
yjucssryohlh4481,123.Henslow_Sparrow
yk5hrs196vk0ii19,133.White_throated_Sparrow
ykdicc6dkg5bah0x,003.Sooty_Albatross
ykgz049ywzal77l0,144.Common_Tern
yko2yn21nk8mn86q,056.Pine_Grosbeak
ylpv9cdckr2zy3ji,071.Long_tailed_Jaeger
ym278nmgjsy0xb1s,045.Northern_Fulmar
ymed1kny1mzzjhos,111.Loggerhead_Shrike
ynhli8hwzpp2bfz3,071.Long_tailed_Jaeger
yo3uhnwg1hummrj8,137.Cliff_Swallow
yopvz3yugg89dvij,118.House_Sparrow
ypdlcebwlyegekhy,179.Tennessee_Warbler
ypmwe78ypp8yp6go,155.Warbling_Vireo
ypwok1qwu7699bed,107.Common_Raven
yqeh4x44lox783hq,056.Pine_Grosbeak
yqvxfne1tays9888,046.Gadwall
yr8ftisqyexsh22a,151.Black_capped_Vireo
yre0il8lnhj5er9y,130.Tree_Sparrow
yrr19uwfxyat2ax7,125.Lincoln_Sparrow
yrvd3gljznppo6ga,033.Yellow_billed_Cuckoo
yrwv9oy30xwz1068,156.White_eyed_Vireo
ysnxcsgmaybxniye,119.Field_Sparrow
ytvqmqmgl2d6cczh,019.Gray_Catbird
yvvaglym71424zuh,064.Ring_billed_Gull
yy520lf8ycgtprbe,143.Caspian_Tern
yz26bzm9os2c9g85,067.Anna_Hummingbird
z03k5wgzo6c1iy6t,075.Green_Jay
z0opv27gt0laeqsr,079.Belted_Kingfisher
z0vpekkc1fmdeqpu,124.Le_Conte_Sparrow
z0w2z36sqpzp7xfw,076.Dark_eyed_Junco
z2l66e8vt8h6fh3a,178.Swainson_Warbler
z3newq8qplvk1cl5,022.Chuck_will_Widow
z3rv6x958kemvzhj,134.Cape_Glossy_Starling
z3z1xm4z2egg43hr,061.Heermann_Gull
z4pfex9cdevva3fv,011.Rusty_Blackbird
z5rsp6xdjxoxzkdu,046.Gadwall
z6rt7s2l88cl0nk9,092.Nighthawk
z71ras63x6mq2xm5,087.Mallard
z7hm6ryqbfkoy3bi,192.Downy_Woodpecker
z7i3f23ey5w22n2w,141.Artic_Tern
z7j1r4gdya1oec6n,162.Canada_Warbler
z8j0woeffgckig74,161.Blue_winged_Warbler
z8m7w6qvyrd6wl1d,117.Clay_colored_Sparrow
z8nz860vxwjg18cj,114.Black_throated_Sparrow
z8uzp6vtvgpmm6dd,028.Brown_Creeper
z8w2o0n4129u6s6z,040.Olive_sided_Flycatcher
z9l5wxnc5dbs4v3n,075.Green_Jay
za3zjj1n7yyoq551,153.Philadelphia_Vireo
za4mkkpudp7ku95z,093.Clark_Nutcracker
za8grj1o36dai7tz,036.Northern_Flicker
zar7kvion8u5iijw,197.Marsh_Wren
zbk193lcuy0fgy6o,149.Brown_Thrasher
zblsao4cvnedowsj,032.Mangrove_Cuckoo
zf9gqt661p2lri1j,179.Tennessee_Warbler
zgwna8t4stuqafdl,071.Long_tailed_Jaeger
zh8bsewazmhihg1d,146.Forsters_Tern
zj2a435g8w5r98u3,104.American_Pipit
zjnwib6q857xy98o,166.Golden_winged_Warbler
zjucvmmdgq78bovp,138.Tree_Swallow
zjz9q5sf09qtfajr,031.Black_billed_Cuckoo
zk0bjefjjj8x1qfa,142.Black_Tern
zks9yp57wg9f4cq4,034.Gray_crowned_Rosy_Finch
zmqvoifgarm5c2l8,131.Vesper_Sparrow
znb15vml6l759lh2,068.Ruby_throated_Hummingbird
znmjbiorhi9h1tup,120.Fox_Sparrow
znns8rdvsfr9nxcu,021.Eastern_Towhee
zov8k1hxk29vh1eq,077.Tropical_Kingbird
zpdxm1rv233gva03,175.Pine_Warbler
zpqz5et4ed72ucba,117.Clay_colored_Sparrow
zpzyuypclompo2hi,084.Red_legged_Kittiwake
zqi1kz2mdzrgx4mf,126.Nelson_Sharp_tailed_Sparrow
zqlysqi31otnmaav,047.American_Goldfinch
zrbanefdmpunufgi,026.Bronzed_Cowbird
zskhwg4i2pc4l289,133.White_throated_Sparrow
zsqg16fbdah7lq4g,146.Forsters_Tern
zu4bh4yzdqp4tw2w,064.Ring_billed_Gull
zuduqfr384p7wl6l,153.Philadelphia_Vireo
zumuvxu3tcbwpu56,114.Black_throated_Sparrow
zvpyay7u7bgsaxnj,150.Sage_Thrasher
zvyx131kfjogfn62,175.Pine_Warbler
zw8srolz3ato3m7a,089.Hooded_Merganser
zx4vfc6vepy2ah7v,117.Clay_colored_Sparrow
zx51lghpgb69x2kj,014.Indigo_Bunting
zxucbpfpy7e7egbl,041.Scissor_tailed_Flycatcher
zy44rh8ee6s0rlxp,018.Spotted_Catbird
zy97ewyvt1qjsd66,175.Pine_Warbler
zydmf1g651ft4kao,163.Cape_May_Warbler
